Evidence_ID,FIR_ID,Evidence_Type
E000001,FIR009196,Video
E000002,FIR004181,Image
E000003,FIR007508,Document
E000004,FIR004697,Video
E000005,FIR006246,Video
E000006,FIR009468,Image
E000007,FIR005528,Image
E000008,FIR005464,Image
E000009,FIR007207,Document
E000010,FIR009602,Document
E000011,FIR008898,Video
E000012,FIR006113,Image
E000013,FIR007692,Image
E000014,FIR000554,Document
E000015,FIR002693,Video
E000016,FIR001103,Video
E000017,FIR005046,Document
E000018,FIR007563,Document
E000019,FIR004659,Video
E000020,FIR004712,Video
E000021,FIR004361,Video
E000022,FIR001497,Document
E000023,FIR008622,Video
E000024,FIR000562,Image
E000025,FIR000163,Video
E000026,FIR000385,Document
E000027,FIR002082,Video
E000028,FIR008774,Video
E000029,FIR000951,Image
E000030,FIR009070,Image
E000031,FIR003218,Image
E000032,FIR007589,Video
E000033,FIR003685,Video
E000034,FIR006706,Image
E000035,FIR006818,Video
E000036,FIR000364,Document
E000037,FIR000181,Video
E000038,FIR006440,Image
E000039,FIR007866,Video
E000040,FIR008365,Document
E000041,FIR007490,Video
E000042,FIR005121,Image
E000043,FIR004228,Image
E000044,FIR008400,Image
E000045,FIR006802,Document
E000046,FIR005332,Image
E000047,FIR001684,Document
E000048,FIR001030,Video
E000049,FIR005497,Video
E000050,FIR008121,Document
E000051,FIR004417,Document
E000052,FIR007835,Video
E000053,FIR003700,Document
E000054,FIR001889,Document
E000055,FIR009660,Document
E000056,FIR006178,Document
E000057,FIR008619,Video
E000058,FIR001230,Document
E000059,FIR008460,Document
E000060,FIR006077,Document
E000061,FIR004219,Document
E000062,FIR005411,Document
E000063,FIR006101,Video
E000064,FIR002812,Image
E000065,FIR000116,Video
E000066,FIR003804,Image
E000067,FIR004764,Video
E000068,FIR007829,Video
E000069,FIR001067,Video
E000070,FIR004388,Document
E000071,FIR003168,Video
E000072,FIR008452,Document
E000073,FIR005201,Document
E000074,FIR001971,Document
E000075,FIR001699,Document
E000076,FIR005079,Image
E000077,FIR000704,Image
E000078,FIR000853,Video
E000079,FIR005266,Video
E000080,FIR003540,Document
E000081,FIR004979,Video
E000082,FIR009342,Document
E000083,FIR001134,Image
E000084,FIR001920,Document
E000085,FIR009032,Image
E000086,FIR002417,Video
E000087,FIR000210,Image
E000088,FIR005656,Video
E000089,FIR007242,Image
E000090,FIR005150,Image
E000091,FIR008849,Image
E000092,FIR005655,Document
E000093,FIR003380,Video
E000094,FIR002038,Image
E000095,FIR007892,Document
E000096,FIR003807,Document
E000097,FIR006943,Image
E000098,FIR002300,Video
E000099,FIR009121,Video
E000100,FIR005597,Document
E000101,FIR003368,Video
E000102,FIR002549,Document
E000103,FIR002912,Document
E000104,FIR009622,Video
E000105,FIR005393,Image
E000106,FIR005010,Image
E000107,FIR006836,Image
E000108,FIR004082,Video
E000109,FIR002729,Image
E000110,FIR004942,Image
E000111,FIR003773,Document
E000112,FIR002766,Image
E000113,FIR000366,Video
E000114,FIR008906,Document
E000115,FIR009762,Document
E000116,FIR004040,Video
E000117,FIR003133,Image
E000118,FIR006211,Document
E000119,FIR001238,Video
E000120,FIR005848,Video
E000121,FIR008432,Video
E000122,FIR001614,Video
E000123,FIR008343,Image
E000124,FIR009240,Video
E000125,FIR007434,Video
E000126,FIR008379,Image
E000127,FIR000592,Document
E000128,FIR003761,Document
E000129,FIR007435,Video
E000130,FIR003660,Document
E000131,FIR009812,Document
E000132,FIR000739,Document
E000133,FIR000432,Document
E000134,FIR009387,Video
E000135,FIR005915,Document
E000136,FIR002736,Image
E000137,FIR008425,Document
E000138,FIR004971,Video
E000139,FIR001237,Image
E000140,FIR006040,Video
E000141,FIR009483,Document
E000142,FIR006975,Image
E000143,FIR001434,Video
E000144,FIR007625,Video
E000145,FIR004777,Video
E000146,FIR008911,Video
E000147,FIR008455,Document
E000148,FIR003801,Document
E000149,FIR008840,Image
E000150,FIR008865,Video
E000151,FIR005199,Image
E000152,FIR003189,Video
E000153,FIR004672,Document
E000154,FIR005734,Image
E000155,FIR004615,Video
E000156,FIR007342,Image
E000157,FIR006489,Document
E000158,FIR003416,Document
E000159,FIR006418,Video
E000160,FIR001380,Image
E000161,FIR001484,Document
E000162,FIR009179,Document
E000163,FIR004349,Image
E000164,FIR002845,Document
E000165,FIR006131,Video
E000166,FIR007115,Image
E000167,FIR005385,Document
E000168,FIR009707,Image
E000169,FIR009967,Image
E000170,FIR002522,Document
E000171,FIR005181,Video
E000172,FIR000247,Video
E000173,FIR006596,Document
E000174,FIR001152,Video
E000175,FIR007455,Image
E000176,FIR005891,Image
E000177,FIR001884,Video
E000178,FIR006816,Image
E000179,FIR009844,Document
E000180,FIR008714,Image
E000181,FIR008585,Video
E000182,FIR004159,Document
E000183,FIR008249,Document
E000184,FIR002593,Document
E000185,FIR002881,Document
E000186,FIR003415,Image
E000187,FIR001755,Document
E000188,FIR009025,Document
E000189,FIR000727,Video
E000190,FIR009715,Image
E000191,FIR009128,Video
E000192,FIR007949,Image
E000193,FIR004484,Image
E000194,FIR002370,Video
E000195,FIR000112,Document
E000196,FIR001294,Video
E000197,FIR004015,Image
E000198,FIR009165,Image
E000199,FIR006953,Document
E000200,FIR009389,Image
E000201,FIR005951,Image
E000202,FIR007049,Document
E000203,FIR000252,Video
E000204,FIR009117,Image
E000205,FIR003557,Video
E000206,FIR001758,Video
E000207,FIR000089,Document
E000208,FIR008718,Video
E000209,FIR000627,Image
E000210,FIR009404,Video
E000211,FIR009601,Video
E000212,FIR009942,Document
E000213,FIR004534,Image
E000214,FIR005302,Video
E000215,FIR009836,Image
E000216,FIR003626,Document
E000217,FIR000760,Document
E000218,FIR000086,Document
E000219,FIR009909,Document
E000220,FIR003249,Image
E000221,FIR000370,Video
E000222,FIR003533,Document
E000223,FIR000725,Image
E000224,FIR000918,Video
E000225,FIR001636,Video
E000226,FIR005869,Document
E000227,FIR005487,Image
E000228,FIR003721,Image
E000229,FIR009633,Video
E000230,FIR001199,Image
E000231,FIR003590,Video
E000232,FIR000450,Document
E000233,FIR009834,Video
E000234,FIR004452,Video
E000235,FIR008484,Video
E000236,FIR001353,Document
E000237,FIR008454,Image
E000238,FIR004553,Image
E000239,FIR003249,Image
E000240,FIR002344,Document
E000241,FIR006616,Image
E000242,FIR002794,Image
E000243,FIR004586,Image
E000244,FIR006442,Image
E000245,FIR003138,Video
E000246,FIR009604,Image
E000247,FIR000828,Image
E000248,FIR002620,Image
E000249,FIR007392,Document
E000250,FIR008342,Video
E000251,FIR005311,Document
E000252,FIR004867,Video
E000253,FIR005334,Video
E000254,FIR003425,Image
E000255,FIR004533,Image
E000256,FIR009195,Document
E000257,FIR003668,Video
E000258,FIR000036,Document
E000259,FIR007176,Image
E000260,FIR000201,Document
E000261,FIR005181,Image
E000262,FIR002591,Image
E000263,FIR005383,Video
E000264,FIR006653,Video
E000265,FIR009586,Video
E000266,FIR003920,Image
E000267,FIR009162,Document
E000268,FIR003801,Document
E000269,FIR006727,Image
E000270,FIR005735,Document
E000271,FIR002257,Image
E000272,FIR000058,Document
E000273,FIR000125,Video
E000274,FIR009991,Document
E000275,FIR009768,Image
E000276,FIR008996,Image
E000277,FIR001070,Document
E000278,FIR009966,Document
E000279,FIR004082,Image
E000280,FIR006342,Video
E000281,FIR003775,Image
E000282,FIR002648,Image
E000283,FIR006272,Document
E000284,FIR000971,Image
E000285,FIR007509,Image
E000286,FIR006143,Video
E000287,FIR006325,Video
E000288,FIR001395,Document
E000289,FIR003378,Video
E000290,FIR003013,Video
E000291,FIR001376,Image
E000292,FIR001162,Video
E000293,FIR004122,Document
E000294,FIR008246,Video
E000295,FIR000705,Video
E000296,FIR002031,Document
E000297,FIR004005,Video
E000298,FIR003452,Image
E000299,FIR004680,Video
E000300,FIR004752,Image
E000301,FIR000543,Video
E000302,FIR003113,Video
E000303,FIR008023,Video
E000304,FIR005540,Document
E000305,FIR002095,Image
E000306,FIR003009,Video
E000307,FIR008895,Image
E000308,FIR003686,Image
E000309,FIR004229,Document
E000310,FIR002928,Document
E000311,FIR006358,Document
E000312,FIR002537,Video
E000313,FIR004102,Document
E000314,FIR007402,Image
E000315,FIR000136,Image
E000316,FIR006702,Document
E000317,FIR002146,Video
E000318,FIR009999,Image
E000319,FIR005723,Image
E000320,FIR006974,Video
E000321,FIR001734,Document
E000322,FIR005179,Document
E000323,FIR002124,Image
E000324,FIR007983,Video
E000325,FIR009997,Image
E000326,FIR005378,Document
E000327,FIR006885,Image
E000328,FIR003385,Image
E000329,FIR006970,Document
E000330,FIR004627,Image
E000331,FIR004787,Video
E000332,FIR007617,Video
E000333,FIR001469,Document
E000334,FIR003776,Video
E000335,FIR001366,Image
E000336,FIR009068,Image
E000337,FIR003898,Image
E000338,FIR001409,Document
E000339,FIR009229,Video
E000340,FIR008836,Video
E000341,FIR007968,Document
E000342,FIR009052,Video
E000343,FIR003340,Video
E000344,FIR000700,Image
E000345,FIR000334,Image
E000346,FIR006688,Video
E000347,FIR001148,Image
E000348,FIR002359,Document
E000349,FIR007928,Document
E000350,FIR005866,Video
E000351,FIR008846,Document
E000352,FIR004738,Document
E000353,FIR006129,Document
E000354,FIR008045,Document
E000355,FIR008181,Video
E000356,FIR003701,Image
E000357,FIR000404,Image
E000358,FIR008478,Video
E000359,FIR000135,Image
E000360,FIR004307,Document
E000361,FIR007837,Document
E000362,FIR006001,Image
E000363,FIR000340,Document
E000364,FIR007062,Document
E000365,FIR009630,Image
E000366,FIR001152,Image
E000367,FIR000969,Document
E000368,FIR004122,Image
E000369,FIR003571,Video
E000370,FIR005548,Video
E000371,FIR003328,Document
E000372,FIR008382,Document
E000373,FIR007006,Image
E000374,FIR000578,Image
E000375,FIR009281,Document
E000376,FIR000045,Document
E000377,FIR003302,Document
E000378,FIR007477,Document
E000379,FIR004886,Image
E000380,FIR000544,Image
E000381,FIR004912,Video
E000382,FIR000233,Image
E000383,FIR005280,Document
E000384,FIR008248,Document
E000385,FIR001785,Document
E000386,FIR003655,Document
E000387,FIR002632,Document
E000388,FIR009953,Document
E000389,FIR001561,Video
E000390,FIR002869,Video
E000391,FIR007346,Image
E000392,FIR007569,Document
E000393,FIR006278,Document
E000394,FIR000266,Video
E000395,FIR000480,Image
E000396,FIR009390,Video
E000397,FIR007167,Document
E000398,FIR006354,Image
E000399,FIR006021,Document
E000400,FIR002237,Video
E000401,FIR009847,Image
E000402,FIR003385,Video
E000403,FIR007463,Image
E000404,FIR004432,Image
E000405,FIR001863,Video
E000406,FIR005671,Document
E000407,FIR006455,Document
E000408,FIR004626,Video
E000409,FIR001866,Document
E000410,FIR008226,Image
E000411,FIR009057,Document
E000412,FIR002082,Document
E000413,FIR004989,Video
E000414,FIR008863,Document
E000415,FIR006232,Image
E000416,FIR009850,Video
E000417,FIR009113,Document
E000418,FIR001912,Document
E000419,FIR005469,Image
E000420,FIR001570,Image
E000421,FIR000779,Image
E000422,FIR001875,Image
E000423,FIR008301,Video
E000424,FIR007539,Image
E000425,FIR003795,Image
E000426,FIR001638,Video
E000427,FIR001864,Video
E000428,FIR009494,Image
E000429,FIR008925,Image
E000430,FIR004233,Video
E000431,FIR008889,Image
E000432,FIR007715,Video
E000433,FIR000936,Image
E000434,FIR003110,Image
E000435,FIR005064,Document
E000436,FIR009637,Document
E000437,FIR004588,Document
E000438,FIR008540,Image
E000439,FIR006841,Video
E000440,FIR009859,Document
E000441,FIR007650,Document
E000442,FIR002059,Image
E000443,FIR009307,Video
E000444,FIR002681,Document
E000445,FIR000733,Image
E000446,FIR005757,Image
E000447,FIR003307,Image
E000448,FIR009362,Video
E000449,FIR002475,Video
E000450,FIR008662,Document
E000451,FIR009879,Video
E000452,FIR008749,Document
E000453,FIR008447,Image
E000454,FIR008159,Image
E000455,FIR001436,Video
E000456,FIR007179,Video
E000457,FIR009171,Document
E000458,FIR002180,Video
E000459,FIR004526,Video
E000460,FIR009463,Document
E000461,FIR008496,Image
E000462,FIR003340,Video
E000463,FIR009377,Video
E000464,FIR006223,Video
E000465,FIR006392,Document
E000466,FIR001743,Document
E000467,FIR004855,Document
E000468,FIR005040,Video
E000469,FIR002182,Document
E000470,FIR009017,Image
E000471,FIR003609,Image
E000472,FIR004923,Image
E000473,FIR007414,Video
E000474,FIR002043,Video
E000475,FIR002916,Video
E000476,FIR009542,Video
E000477,FIR005742,Image
E000478,FIR007359,Video
E000479,FIR000662,Image
E000480,FIR009589,Video
E000481,FIR000866,Video
E000482,FIR007273,Video
E000483,FIR005532,Document
E000484,FIR004164,Video
E000485,FIR009705,Video
E000486,FIR002882,Image
E000487,FIR007164,Document
E000488,FIR003065,Video
E000489,FIR004034,Document
E000490,FIR008033,Video
E000491,FIR009096,Video
E000492,FIR004895,Image
E000493,FIR002647,Video
E000494,FIR004443,Video
E000495,FIR004585,Video
E000496,FIR004391,Image
E000497,FIR003575,Video
E000498,FIR008556,Image
E000499,FIR006369,Video
E000500,FIR007376,Video
E000501,FIR001202,Image
E000502,FIR004013,Image
E000503,FIR000402,Video
E000504,FIR006939,Document
E000505,FIR001283,Image
E000506,FIR006244,Video
E000507,FIR000319,Document
E000508,FIR001291,Image
E000509,FIR004336,Video
E000510,FIR008921,Document
E000511,FIR003059,Video
E000512,FIR003045,Image
E000513,FIR001183,Video
E000514,FIR001997,Image
E000515,FIR007119,Video
E000516,FIR008317,Image
E000517,FIR007926,Document
E000518,FIR003257,Video
E000519,FIR006185,Document
E000520,FIR001683,Video
E000521,FIR002813,Video
E000522,FIR008666,Video
E000523,FIR007470,Image
E000524,FIR005588,Image
E000525,FIR004892,Document
E000526,FIR003103,Image
E000527,FIR002818,Image
E000528,FIR007433,Video
E000529,FIR004494,Document
E000530,FIR007838,Video
E000531,FIR005287,Image
E000532,FIR001664,Video
E000533,FIR006356,Document
E000534,FIR003098,Image
E000535,FIR000346,Document
E000536,FIR007902,Video
E000537,FIR003652,Video
E000538,FIR000138,Image
E000539,FIR009717,Video
E000540,FIR003748,Document
E000541,FIR008838,Document
E000542,FIR002552,Image
E000543,FIR000819,Image
E000544,FIR006692,Document
E000545,FIR007743,Image
E000546,FIR002481,Document
E000547,FIR007315,Document
E000548,FIR001017,Image
E000549,FIR001148,Document
E000550,FIR002835,Video
E000551,FIR002273,Document
E000552,FIR005094,Video
E000553,FIR007560,Image
E000554,FIR001516,Video
E000555,FIR002807,Image
E000556,FIR004139,Video
E000557,FIR009043,Video
E000558,FIR007070,Image
E000559,FIR006632,Image
E000560,FIR008033,Image
E000561,FIR005249,Video
E000562,FIR008275,Image
E000563,FIR007482,Video
E000564,FIR001996,Video
E000565,FIR003604,Document
E000566,FIR007528,Document
E000567,FIR005432,Image
E000568,FIR002450,Video
E000569,FIR005628,Video
E000570,FIR009087,Image
E000571,FIR008530,Image
E000572,FIR004332,Document
E000573,FIR005610,Video
E000574,FIR009173,Document
E000575,FIR005021,Document
E000576,FIR004356,Video
E000577,FIR004768,Image
E000578,FIR001608,Video
E000579,FIR003635,Video
E000580,FIR005308,Image
E000581,FIR003744,Document
E000582,FIR008922,Image
E000583,FIR004437,Video
E000584,FIR004190,Video
E000585,FIR000522,Image
E000586,FIR008556,Video
E000587,FIR001932,Document
E000588,FIR006105,Video
E000589,FIR007096,Document
E000590,FIR000470,Document
E000591,FIR000185,Document
E000592,FIR007387,Document
E000593,FIR008740,Image
E000594,FIR007268,Image
E000595,FIR007827,Video
E000596,FIR009190,Image
E000597,FIR005676,Image
E000598,FIR000394,Image
E000599,FIR005987,Document
E000600,FIR000750,Document
E000601,FIR005369,Image
E000602,FIR007401,Document
E000603,FIR003871,Document
E000604,FIR001131,Document
E000605,FIR002145,Image
E000606,FIR001162,Document
E000607,FIR006648,Document
E000608,FIR007933,Video
E000609,FIR008143,Image
E000610,FIR009567,Video
E000611,FIR008892,Document
E000612,FIR004475,Image
E000613,FIR006021,Image
E000614,FIR003472,Video
E000615,FIR001433,Image
E000616,FIR002124,Document
E000617,FIR000293,Document
E000618,FIR007000,Video
E000619,FIR007046,Image
E000620,FIR008419,Video
E000621,FIR006782,Video
E000622,FIR008603,Video
E000623,FIR001274,Document
E000624,FIR007433,Image
E000625,FIR001314,Document
E000626,FIR005310,Image
E000627,FIR004029,Video
E000628,FIR005288,Document
E000629,FIR004369,Video
E000630,FIR005312,Image
E000631,FIR000005,Image
E000632,FIR003693,Image
E000633,FIR003145,Document
E000634,FIR002679,Video
E000635,FIR003926,Image
E000636,FIR001893,Video
E000637,FIR009394,Video
E000638,FIR002975,Image
E000639,FIR003825,Image
E000640,FIR006496,Image
E000641,FIR001079,Video
E000642,FIR009351,Image
E000643,FIR006693,Document
E000644,FIR008043,Image
E000645,FIR000267,Video
E000646,FIR007613,Video
E000647,FIR008464,Document
E000648,FIR005207,Image
E000649,FIR004010,Image
E000650,FIR007060,Document
E000651,FIR003669,Video
E000652,FIR008900,Image
E000653,FIR000771,Image
E000654,FIR001528,Document
E000655,FIR009912,Video
E000656,FIR001579,Document
E000657,FIR002247,Document
E000658,FIR000802,Document
E000659,FIR006765,Document
E000660,FIR003484,Video
E000661,FIR005702,Image
E000662,FIR005164,Video
E000663,FIR003404,Image
E000664,FIR008998,Video
E000665,FIR004570,Document
E000666,FIR000477,Image
E000667,FIR000326,Image
E000668,FIR007514,Video
E000669,FIR009975,Document
E000670,FIR006494,Document
E000671,FIR005204,Video
E000672,FIR006216,Document
E000673,FIR002984,Video
E000674,FIR002396,Document
E000675,FIR004782,Image
E000676,FIR009927,Image
E000677,FIR002294,Image
E000678,FIR007595,Image
E000679,FIR002231,Video
E000680,FIR001763,Image
E000681,FIR006613,Image
E000682,FIR000852,Video
E000683,FIR006000,Document
E000684,FIR008463,Video
E000685,FIR004763,Video
E000686,FIR007767,Document
E000687,FIR001430,Document
E000688,FIR008287,Video
E000689,FIR005077,Video
E000690,FIR003328,Document
E000691,FIR000985,Document
E000692,FIR008079,Image
E000693,FIR006113,Video
E000694,FIR000471,Video
E000695,FIR006071,Document
E000696,FIR008129,Video
E000697,FIR001332,Video
E000698,FIR003988,Document
E000699,FIR001745,Document
E000700,FIR002800,Image
E000701,FIR007142,Image
E000702,FIR006703,Image
E000703,FIR009675,Video
E000704,FIR009812,Image
E000705,FIR008973,Document
E000706,FIR004990,Image
E000707,FIR003370,Document
E000708,FIR007303,Document
E000709,FIR009118,Document
E000710,FIR006301,Video
E000711,FIR002032,Video
E000712,FIR001567,Image
E000713,FIR003470,Image
E000714,FIR009636,Video
E000715,FIR004804,Document
E000716,FIR009996,Video
E000717,FIR002195,Document
E000718,FIR003313,Document
E000719,FIR004150,Image
E000720,FIR008211,Image
E000721,FIR007259,Image
E000722,FIR009231,Document
E000723,FIR005160,Image
E000724,FIR009421,Image
E000725,FIR003426,Image
E000726,FIR008828,Image
E000727,FIR003120,Document
E000728,FIR007232,Video
E000729,FIR000030,Video
E000730,FIR004088,Document
E000731,FIR003348,Video
E000732,FIR005061,Image
E000733,FIR002921,Video
E000734,FIR003928,Image
E000735,FIR004100,Video
E000736,FIR001992,Document
E000737,FIR005022,Image
E000738,FIR009869,Document
E000739,FIR001859,Video
E000740,FIR008264,Video
E000741,FIR009002,Document
E000742,FIR008369,Image
E000743,FIR004445,Video
E000744,FIR005583,Document
E000745,FIR000991,Video
E000746,FIR006452,Image
E000747,FIR005986,Image
E000748,FIR009255,Image
E000749,FIR006415,Document
E000750,FIR002613,Document
E000751,FIR004363,Image
E000752,FIR001402,Image
E000753,FIR004479,Document
E000754,FIR003394,Image
E000755,FIR009600,Image
E000756,FIR000663,Document
E000757,FIR004202,Image
E000758,FIR004847,Video
E000759,FIR006926,Image
E000760,FIR008688,Video
E000761,FIR007386,Image
E000762,FIR006393,Document
E000763,FIR001667,Document
E000764,FIR001983,Image
E000765,FIR001094,Image
E000766,FIR007796,Image
E000767,FIR008533,Video
E000768,FIR000957,Video
E000769,FIR006538,Document
E000770,FIR001230,Video
E000771,FIR008318,Document
E000772,FIR000007,Document
E000773,FIR000861,Video
E000774,FIR007266,Video
E000775,FIR000283,Video
E000776,FIR002081,Image
E000777,FIR001328,Image
E000778,FIR003261,Image
E000779,FIR008324,Image
E000780,FIR002166,Video
E000781,FIR006694,Image
E000782,FIR006832,Video
E000783,FIR000997,Video
E000784,FIR002355,Video
E000785,FIR003447,Video
E000786,FIR004898,Document
E000787,FIR001018,Video
E000788,FIR000470,Image
E000789,FIR009163,Image
E000790,FIR000899,Video
E000791,FIR002015,Image
E000792,FIR009325,Video
E000793,FIR007995,Image
E000794,FIR004442,Image
E000795,FIR009549,Document
E000796,FIR005131,Video
E000797,FIR001048,Document
E000798,FIR006862,Image
E000799,FIR002578,Document
E000800,FIR009431,Video
E000801,FIR003602,Document
E000802,FIR008155,Document
E000803,FIR008533,Image
E000804,FIR003984,Image
E000805,FIR009651,Video
E000806,FIR007544,Image
E000807,FIR001058,Document
E000808,FIR004616,Video
E000809,FIR003671,Document
E000810,FIR005179,Image
E000811,FIR007151,Image
E000812,FIR004976,Image
E000813,FIR006715,Image
E000814,FIR002310,Image
E000815,FIR008039,Document
E000816,FIR003476,Image
E000817,FIR004394,Video
E000818,FIR001658,Image
E000819,FIR004189,Video
E000820,FIR005552,Document
E000821,FIR006676,Video
E000822,FIR000103,Image
E000823,FIR003976,Video
E000824,FIR009672,Video
E000825,FIR004097,Video
E000826,FIR000317,Document
E000827,FIR005353,Image
E000828,FIR003173,Video
E000829,FIR001006,Video
E000830,FIR006228,Video
E000831,FIR008129,Video
E000832,FIR002093,Video
E000833,FIR006932,Document
E000834,FIR001737,Video
E000835,FIR006008,Document
E000836,FIR007580,Image
E000837,FIR009635,Video
E000838,FIR008993,Image
E000839,FIR008986,Document
E000840,FIR000290,Image
E000841,FIR009291,Video
E000842,FIR003905,Document
E000843,FIR006663,Document
E000844,FIR003047,Image
E000845,FIR008095,Document
E000846,FIR000775,Video
E000847,FIR009252,Video
E000848,FIR006515,Image
E000849,FIR008265,Document
E000850,FIR009603,Document
E000851,FIR007356,Video
E000852,FIR001759,Document
E000853,FIR000977,Image
E000854,FIR005820,Video
E000855,FIR008850,Document
E000856,FIR000830,Video
E000857,FIR000801,Document
E000858,FIR002896,Video
E000859,FIR007587,Image
E000860,FIR008977,Video
E000861,FIR001944,Video
E000862,FIR002585,Video
E000863,FIR004604,Image
E000864,FIR003183,Video
E000865,FIR006162,Video
E000866,FIR005071,Video
E000867,FIR005489,Document
E000868,FIR000030,Video
E000869,FIR002749,Video
E000870,FIR006033,Image
E000871,FIR008459,Document
E000872,FIR002690,Document
E000873,FIR008413,Document
E000874,FIR005468,Video
E000875,FIR008142,Document
E000876,FIR008938,Image
E000877,FIR000444,Image
E000878,FIR000165,Video
E000879,FIR008333,Document
E000880,FIR009500,Video
E000881,FIR005345,Document
E000882,FIR007270,Video
E000883,FIR005408,Video
E000884,FIR009796,Video
E000885,FIR007421,Image
E000886,FIR007765,Video
E000887,FIR008651,Image
E000888,FIR006839,Document
E000889,FIR000179,Video
E000890,FIR001539,Document
E000891,FIR000892,Document
E000892,FIR006193,Video
E000893,FIR008131,Image
E000894,FIR002713,Document
E000895,FIR008605,Image
E000896,FIR000750,Video
E000897,FIR007552,Video
E000898,FIR005838,Document
E000899,FIR007570,Image
E000900,FIR006484,Video
E000901,FIR005636,Video
E000902,FIR007396,Image
E000903,FIR002665,Document
E000904,FIR007531,Video
E000905,FIR006341,Image
E000906,FIR007638,Video
E000907,FIR003678,Document
E000908,FIR006325,Image
E000909,FIR002590,Image
E000910,FIR004253,Image
E000911,FIR000275,Image
E000912,FIR003421,Image
E000913,FIR000431,Document
E000914,FIR009639,Image
E000915,FIR001297,Document
E000916,FIR008205,Image
E000917,FIR002581,Document
E000918,FIR000643,Document
E000919,FIR001077,Video
E000920,FIR005855,Video
E000921,FIR009916,Video
E000922,FIR000339,Image
E000923,FIR000186,Document
E000924,FIR004623,Document
E000925,FIR002780,Image
E000926,FIR005663,Document
E000927,FIR003477,Document
E000928,FIR002445,Image
E000929,FIR000792,Document
E000930,FIR001649,Video
E000931,FIR006654,Image
E000932,FIR000208,Document
E000933,FIR001627,Document
E000934,FIR002338,Video
E000935,FIR000342,Image
E000936,FIR005452,Image
E000937,FIR001665,Document
E000938,FIR005024,Document
E000939,FIR005912,Video
E000940,FIR008702,Document
E000941,FIR006188,Video
E000942,FIR005910,Document
E000943,FIR008403,Image
E000944,FIR007493,Document
E000945,FIR000109,Image
E000946,FIR000938,Video
E000947,FIR002702,Video
E000948,FIR009496,Document
E000949,FIR004436,Document
E000950,FIR001869,Video
E000951,FIR006574,Video
E000952,FIR006234,Video
E000953,FIR009929,Video
E000954,FIR004867,Image
E000955,FIR003768,Image
E000956,FIR000363,Image
E000957,FIR001093,Video
E000958,FIR004702,Video
E000959,FIR006602,Image
E000960,FIR007070,Video
E000961,FIR007455,Video
E000962,FIR005090,Video
E000963,FIR009259,Image
E000964,FIR002522,Video
E000965,FIR002079,Video
E000966,FIR008344,Video
E000967,FIR002515,Image
E000968,FIR004650,Video
E000969,FIR007377,Image
E000970,FIR006781,Document
E000971,FIR005305,Image
E000972,FIR002712,Image
E000973,FIR000631,Video
E000974,FIR000642,Video
E000975,FIR006943,Image
E000976,FIR003016,Video
E000977,FIR007085,Video
E000978,FIR008830,Document
E000979,FIR002179,Video
E000980,FIR009478,Video
E000981,FIR009693,Video
E000982,FIR006091,Document
E000983,FIR004691,Video
E000984,FIR001844,Video
E000985,FIR001296,Document
E000986,FIR000457,Document
E000987,FIR007766,Video
E000988,FIR002244,Image
E000989,FIR006175,Image
E000990,FIR000955,Image
E000991,FIR002323,Video
E000992,FIR005918,Image
E000993,FIR007830,Image
E000994,FIR003918,Video
E000995,FIR005631,Document
E000996,FIR003008,Document
E000997,FIR003060,Video
E000998,FIR009168,Document
E000999,FIR001243,Document
E001000,FIR006811,Video
E001001,FIR007983,Image
E001002,FIR008477,Document
E001003,FIR004093,Document
E001004,FIR008775,Video
E001005,FIR005648,Image
E001006,FIR005560,Image
E001007,FIR006579,Document
E001008,FIR008204,Document
E001009,FIR003046,Image
E001010,FIR000049,Image
E001011,FIR007058,Image
E001012,FIR001436,Document
E001013,FIR003302,Image
E001014,FIR002917,Document
E001015,FIR003165,Video
E001016,FIR008415,Video
E001017,FIR003689,Document
E001018,FIR006755,Image
E001019,FIR003324,Video
E001020,FIR008380,Document
E001021,FIR007952,Document
E001022,FIR003696,Document
E001023,FIR006306,Document
E001024,FIR000975,Image
E001025,FIR006720,Document
E001026,FIR002977,Document
E001027,FIR009587,Image
E001028,FIR004635,Video
E001029,FIR008479,Video
E001030,FIR006060,Video
E001031,FIR004476,Document
E001032,FIR006835,Document
E001033,FIR001350,Image
E001034,FIR005338,Document
E001035,FIR002141,Document
E001036,FIR004485,Image
E001037,FIR001924,Video
E001038,FIR002799,Document
E001039,FIR009109,Image
E001040,FIR007124,Image
E001041,FIR001088,Document
E001042,FIR003854,Video
E001043,FIR009112,Video
E001044,FIR006870,Video
E001045,FIR002491,Video
E001046,FIR004486,Video
E001047,FIR003007,Image
E001048,FIR000901,Image
E001049,FIR003777,Document
E001050,FIR003312,Document
E001051,FIR008335,Image
E001052,FIR001720,Image
E001053,FIR008391,Document
E001054,FIR008653,Image
E001055,FIR003379,Image
E001056,FIR001016,Document
E001057,FIR009050,Image
E001058,FIR006117,Document
E001059,FIR004510,Document
E001060,FIR001020,Image
E001061,FIR002680,Video
E001062,FIR000839,Document
E001063,FIR003689,Image
E001064,FIR002028,Document
E001065,FIR008986,Image
E001066,FIR004885,Video
E001067,FIR003681,Image
E001068,FIR004351,Image
E001069,FIR001279,Image
E001070,FIR003791,Video
E001071,FIR001647,Video
E001072,FIR005090,Image
E001073,FIR005572,Image
E001074,FIR000610,Document
E001075,FIR000841,Document
E001076,FIR008951,Document
E001077,FIR001187,Document
E001078,FIR005253,Image
E001079,FIR005030,Image
E001080,FIR009962,Video
E001081,FIR004939,Document
E001082,FIR002446,Document
E001083,FIR001913,Document
E001084,FIR000093,Image
E001085,FIR008831,Document
E001086,FIR008415,Document
E001087,FIR008537,Video
E001088,FIR005898,Video
E001089,FIR005561,Document
E001090,FIR009141,Video
E001091,FIR006610,Video
E001092,FIR009765,Document
E001093,FIR000788,Document
E001094,FIR003597,Image
E001095,FIR009578,Image
E001096,FIR004155,Document
E001097,FIR009099,Document
E001098,FIR008573,Image
E001099,FIR001683,Document
E001100,FIR008107,Image
E001101,FIR003162,Video
E001102,FIR001910,Image
E001103,FIR005004,Document
E001104,FIR009973,Document
E001105,FIR006772,Video
E001106,FIR007541,Document
E001107,FIR008383,Video
E001108,FIR002779,Image
E001109,FIR007893,Video
E001110,FIR009682,Video
E001111,FIR009784,Document
E001112,FIR007812,Image
E001113,FIR002992,Document
E001114,FIR001700,Video
E001115,FIR005021,Document
E001116,FIR007367,Video
E001117,FIR004679,Document
E001118,FIR002781,Video
E001119,FIR002948,Video
E001120,FIR002374,Document
E001121,FIR000503,Document
E001122,FIR003035,Video
E001123,FIR008545,Image
E001124,FIR003914,Video
E001125,FIR007737,Video
E001126,FIR009455,Document
E001127,FIR009456,Video
E001128,FIR003433,Video
E001129,FIR004265,Video
E001130,FIR003241,Video
E001131,FIR008408,Image
E001132,FIR009792,Document
E001133,FIR007395,Document
E001134,FIR006645,Document
E001135,FIR008003,Document
E001136,FIR001914,Video
E001137,FIR008312,Document
E001138,FIR009599,Image
E001139,FIR001923,Video
E001140,FIR004104,Document
E001141,FIR004672,Image
E001142,FIR002477,Image
E001143,FIR000673,Image
E001144,FIR001100,Image
E001145,FIR002875,Video
E001146,FIR004478,Document
E001147,FIR009893,Image
E001148,FIR007941,Document
E001149,FIR003709,Document
E001150,FIR004885,Video
E001151,FIR006103,Video
E001152,FIR007101,Image
E001153,FIR001665,Document
E001154,FIR000707,Document
E001155,FIR005757,Video
E001156,FIR005231,Image
E001157,FIR006223,Video
E001158,FIR003273,Image
E001159,FIR006944,Document
E001160,FIR003784,Document
E001161,FIR009213,Document
E001162,FIR006351,Document
E001163,FIR001132,Video
E001164,FIR005716,Video
E001165,FIR001873,Video
E001166,FIR006774,Video
E001167,FIR007606,Document
E001168,FIR002367,Document
E001169,FIR001407,Image
E001170,FIR006147,Document
E001171,FIR006236,Document
E001172,FIR007549,Document
E001173,FIR004457,Document
E001174,FIR005323,Video
E001175,FIR008063,Document
E001176,FIR005916,Image
E001177,FIR008415,Image
E001178,FIR002125,Video
E001179,FIR005862,Video
E001180,FIR009149,Image
E001181,FIR008588,Document
E001182,FIR000272,Document
E001183,FIR007442,Image
E001184,FIR000014,Document
E001185,FIR006614,Image
E001186,FIR001562,Document
E001187,FIR003836,Image
E001188,FIR005153,Image
E001189,FIR003760,Image
E001190,FIR006023,Video
E001191,FIR003200,Document
E001192,FIR005802,Image
E001193,FIR008924,Document
E001194,FIR007823,Video
E001195,FIR000675,Video
E001196,FIR001895,Image
E001197,FIR007709,Document
E001198,FIR005043,Image
E001199,FIR004296,Image
E001200,FIR001208,Image
E001201,FIR005220,Document
E001202,FIR004633,Image
E001203,FIR001242,Document
E001204,FIR008577,Video
E001205,FIR007716,Document
E001206,FIR007167,Image
E001207,FIR002535,Image
E001208,FIR008621,Document
E001209,FIR009238,Document
E001210,FIR008408,Video
E001211,FIR008442,Video
E001212,FIR002224,Image
E001213,FIR007466,Video
E001214,FIR001807,Document
E001215,FIR000560,Image
E001216,FIR008830,Document
E001217,FIR004545,Video
E001218,FIR009461,Video
E001219,FIR008612,Video
E001220,FIR004266,Document
E001221,FIR009181,Document
E001222,FIR001871,Image
E001223,FIR008293,Image
E001224,FIR003781,Document
E001225,FIR004506,Image
E001226,FIR006832,Image
E001227,FIR002160,Video
E001228,FIR001708,Video
E001229,FIR001878,Document
E001230,FIR005501,Video
E001231,FIR000524,Image
E001232,FIR007070,Image
E001233,FIR009148,Image
E001234,FIR002608,Video
E001235,FIR005428,Video
E001236,FIR007717,Document
E001237,FIR006094,Image
E001238,FIR006482,Image
E001239,FIR008534,Video
E001240,FIR007640,Image
E001241,FIR004489,Document
E001242,FIR000604,Image
E001243,FIR002736,Document
E001244,FIR002167,Video
E001245,FIR004938,Video
E001246,FIR003532,Video
E001247,FIR008728,Image
E001248,FIR009452,Video
E001249,FIR004284,Document
E001250,FIR000212,Image
E001251,FIR006562,Image
E001252,FIR007934,Document
E001253,FIR003067,Video
E001254,FIR003187,Video
E001255,FIR006499,Document
E001256,FIR008992,Document
E001257,FIR007268,Document
E001258,FIR003945,Video
E001259,FIR000697,Document
E001260,FIR000895,Video
E001261,FIR002430,Document
E001262,FIR009815,Document
E001263,FIR008359,Video
E001264,FIR005245,Image
E001265,FIR004066,Video
E001266,FIR001210,Video
E001267,FIR000701,Document
E001268,FIR006557,Document
E001269,FIR007502,Document
E001270,FIR002637,Video
E001271,FIR007782,Video
E001272,FIR009184,Video
E001273,FIR005871,Image
E001274,FIR001619,Image
E001275,FIR008939,Video
E001276,FIR004221,Image
E001277,FIR003775,Video
E001278,FIR007039,Video
E001279,FIR004713,Document
E001280,FIR008211,Video
E001281,FIR007882,Image
E001282,FIR005558,Document
E001283,FIR009644,Document
E001284,FIR000842,Document
E001285,FIR000480,Document
E001286,FIR007500,Document
E001287,FIR006199,Document
E001288,FIR007889,Video
E001289,FIR004636,Image
E001290,FIR000674,Image
E001291,FIR003849,Document
E001292,FIR001102,Video
E001293,FIR007431,Image
E001294,FIR000277,Image
E001295,FIR002225,Image
E001296,FIR009198,Document
E001297,FIR008767,Video
E001298,FIR006135,Image
E001299,FIR000858,Document
E001300,FIR006570,Document
E001301,FIR002756,Video
E001302,FIR009561,Document
E001303,FIR006679,Image
E001304,FIR009505,Image
E001305,FIR006784,Image
E001306,FIR003544,Document
E001307,FIR001577,Image
E001308,FIR003904,Video
E001309,FIR008521,Video
E001310,FIR007004,Video
E001311,FIR000189,Image
E001312,FIR004982,Image
E001313,FIR001391,Image
E001314,FIR009154,Image
E001315,FIR006297,Video
E001316,FIR006283,Image
E001317,FIR002961,Document
E001318,FIR001160,Document
E001319,FIR006070,Video
E001320,FIR007814,Image
E001321,FIR005426,Document
E001322,FIR009404,Image
E001323,FIR008429,Document
E001324,FIR000751,Video
E001325,FIR001012,Video
E001326,FIR000025,Image
E001327,FIR009055,Image
E001328,FIR005205,Document
E001329,FIR006853,Video
E001330,FIR005796,Image
E001331,FIR007923,Video
E001332,FIR007491,Document
E001333,FIR000484,Document
E001334,FIR004976,Document
E001335,FIR007842,Image
E001336,FIR000370,Image
E001337,FIR005099,Image
E001338,FIR001069,Document
E001339,FIR006412,Document
E001340,FIR003251,Video
E001341,FIR000553,Video
E001342,FIR002790,Video
E001343,FIR003286,Document
E001344,FIR000489,Video
E001345,FIR000158,Document
E001346,FIR008606,Image
E001347,FIR003291,Image
E001348,FIR000100,Image
E001349,FIR004598,Document
E001350,FIR004004,Video
E001351,FIR000024,Video
E001352,FIR004295,Document
E001353,FIR002539,Image
E001354,FIR001483,Image
E001355,FIR001888,Image
E001356,FIR001415,Document
E001357,FIR008404,Video
E001358,FIR009011,Document
E001359,FIR008667,Video
E001360,FIR006888,Video
E001361,FIR004323,Image
E001362,FIR001622,Video
E001363,FIR001678,Image
E001364,FIR007478,Image
E001365,FIR009224,Image
E001366,FIR005402,Video
E001367,FIR004870,Document
E001368,FIR001464,Image
E001369,FIR003304,Video
E001370,FIR001326,Video
E001371,FIR001777,Video
E001372,FIR008364,Video
E001373,FIR009358,Image
E001374,FIR005361,Video
E001375,FIR001507,Video
E001376,FIR009294,Document
E001377,FIR004642,Image
E001378,FIR002041,Document
E001379,FIR003900,Document
E001380,FIR002647,Video
E001381,FIR001037,Image
E001382,FIR009885,Image
E001383,FIR000497,Image
E001384,FIR005000,Video
E001385,FIR004594,Document
E001386,FIR002255,Image
E001387,FIR006093,Video
E001388,FIR004348,Image
E001389,FIR006466,Video
E001390,FIR008617,Document
E001391,FIR001187,Image
E001392,FIR005700,Image
E001393,FIR002880,Video
E001394,FIR000164,Document
E001395,FIR003301,Document
E001396,FIR004415,Document
E001397,FIR003703,Image
E001398,FIR007060,Document
E001399,FIR002166,Document
E001400,FIR005057,Video
E001401,FIR009736,Document
E001402,FIR008953,Image
E001403,FIR006985,Document
E001404,FIR001488,Document
E001405,FIR005235,Document
E001406,FIR000203,Document
E001407,FIR002722,Image
E001408,FIR004331,Video
E001409,FIR004084,Document
E001410,FIR000587,Image
E001411,FIR004359,Image
E001412,FIR003963,Image
E001413,FIR006900,Image
E001414,FIR007202,Video
E001415,FIR001371,Image
E001416,FIR007501,Video
E001417,FIR002038,Document
E001418,FIR002086,Image
E001419,FIR000210,Document
E001420,FIR003427,Document
E001421,FIR008421,Document
E001422,FIR007980,Document
E001423,FIR005960,Document
E001424,FIR004087,Document
E001425,FIR003795,Document
E001426,FIR001724,Image
E001427,FIR004656,Image
E001428,FIR001192,Video
E001429,FIR006467,Document
E001430,FIR005963,Video
E001431,FIR008685,Document
E001432,FIR006831,Image
E001433,FIR005394,Image
E001434,FIR007699,Document
E001435,FIR002591,Image
E001436,FIR003550,Video
E001437,FIR008518,Image
E001438,FIR004232,Document
E001439,FIR000939,Image
E001440,FIR001513,Image
E001441,FIR007535,Image
E001442,FIR004778,Video
E001443,FIR006827,Image
E001444,FIR008365,Document
E001445,FIR004310,Document
E001446,FIR000804,Image
E001447,FIR005363,Document
E001448,FIR003948,Document
E001449,FIR008908,Document
E001450,FIR008171,Video
E001451,FIR009844,Document
E001452,FIR009821,Document
E001453,FIR009409,Document
E001454,FIR003262,Image
E001455,FIR000048,Image
E001456,FIR003723,Video
E001457,FIR008214,Image
E001458,FIR007079,Video
E001459,FIR001254,Document
E001460,FIR000111,Image
E001461,FIR007587,Image
E001462,FIR005022,Video
E001463,FIR009067,Image
E001464,FIR007547,Image
E001465,FIR007564,Video
E001466,FIR001026,Image
E001467,FIR003788,Image
E001468,FIR006117,Image
E001469,FIR003718,Image
E001470,FIR006212,Document
E001471,FIR005752,Image
E001472,FIR001145,Image
E001473,FIR008365,Video
E001474,FIR009337,Document
E001475,FIR007684,Video
E001476,FIR006651,Video
E001477,FIR002391,Document
E001478,FIR006990,Image
E001479,FIR003789,Video
E001480,FIR001517,Document
E001481,FIR003359,Document
E001482,FIR007133,Image
E001483,FIR008428,Video
E001484,FIR001899,Video
E001485,FIR004203,Document
E001486,FIR001523,Image
E001487,FIR000207,Video
E001488,FIR009880,Document
E001489,FIR005823,Video
E001490,FIR008351,Image
E001491,FIR000301,Video
E001492,FIR000174,Video
E001493,FIR005006,Image
E001494,FIR002277,Document
E001495,FIR007330,Document
E001496,FIR006687,Image
E001497,FIR009346,Video
E001498,FIR007641,Video
E001499,FIR009553,Image
E001500,FIR009517,Image
E001501,FIR007403,Document
E001502,FIR005889,Document
E001503,FIR001850,Image
E001504,FIR007744,Video
E001505,FIR007781,Image
E001506,FIR001159,Video
E001507,FIR000413,Video
E001508,FIR001344,Image
E001509,FIR000744,Document
E001510,FIR004551,Image
E001511,FIR006777,Document
E001512,FIR002871,Image
E001513,FIR008891,Video
E001514,FIR008779,Document
E001515,FIR002038,Video
E001516,FIR009714,Document
E001517,FIR007709,Image
E001518,FIR003797,Image
E001519,FIR008469,Document
E001520,FIR008218,Video
E001521,FIR005687,Video
E001522,FIR004724,Document
E001523,FIR005877,Document
E001524,FIR004723,Document
E001525,FIR008324,Video
E001526,FIR003011,Document
E001527,FIR008859,Document
E001528,FIR003895,Document
E001529,FIR001629,Document
E001530,FIR005385,Video
E001531,FIR006678,Document
E001532,FIR008108,Document
E001533,FIR006897,Image
E001534,FIR003024,Document
E001535,FIR008504,Video
E001536,FIR000303,Video
E001537,FIR005037,Document
E001538,FIR002680,Document
E001539,FIR000188,Image
E001540,FIR003774,Document
E001541,FIR001419,Document
E001542,FIR003873,Video
E001543,FIR008555,Document
E001544,FIR002171,Document
E001545,FIR005447,Video
E001546,FIR005789,Document
E001547,FIR008256,Document
E001548,FIR007304,Video
E001549,FIR007632,Video
E001550,FIR005862,Document
E001551,FIR002135,Video
E001552,FIR005755,Document
E001553,FIR002074,Image
E001554,FIR009162,Image
E001555,FIR000563,Image
E001556,FIR002007,Image
E001557,FIR000033,Image
E001558,FIR006526,Image
E001559,FIR003907,Document
E001560,FIR008662,Document
E001561,FIR007984,Image
E001562,FIR008522,Image
E001563,FIR006501,Video
E001564,FIR009210,Image
E001565,FIR001606,Video
E001566,FIR000713,Video
E001567,FIR008110,Video
E001568,FIR009943,Document
E001569,FIR000436,Image
E001570,FIR007441,Video
E001571,FIR002515,Document
E001572,FIR004406,Video
E001573,FIR008060,Video
E001574,FIR009578,Video
E001575,FIR003831,Video
E001576,FIR001620,Document
E001577,FIR005674,Video
E001578,FIR007281,Image
E001579,FIR002545,Document
E001580,FIR008073,Video
E001581,FIR002183,Video
E001582,FIR006466,Image
E001583,FIR004540,Video
E001584,FIR004060,Image
E001585,FIR004688,Document
E001586,FIR009833,Image
E001587,FIR000599,Image
E001588,FIR007306,Video
E001589,FIR004279,Image
E001590,FIR003377,Image
E001591,FIR005939,Document
E001592,FIR002011,Image
E001593,FIR007002,Image
E001594,FIR001149,Video
E001595,FIR004228,Document
E001596,FIR004147,Document
E001597,FIR005464,Video
E001598,FIR008983,Document
E001599,FIR001296,Document
E001600,FIR007981,Video
E001601,FIR007144,Image
E001602,FIR005513,Video
E001603,FIR000942,Document
E001604,FIR002671,Document
E001605,FIR008190,Image
E001606,FIR009278,Document
E001607,FIR007527,Video
E001608,FIR000785,Video
E001609,FIR009728,Image
E001610,FIR001775,Document
E001611,FIR001908,Image
E001612,FIR005521,Video
E001613,FIR008679,Video
E001614,FIR005518,Video
E001615,FIR000529,Image
E001616,FIR002974,Document
E001617,FIR002790,Document
E001618,FIR003507,Video
E001619,FIR009726,Document
E001620,FIR001299,Document
E001621,FIR003281,Video
E001622,FIR007960,Document
E001623,FIR002040,Image
E001624,FIR007758,Image
E001625,FIR006934,Image
E001626,FIR008332,Document
E001627,FIR008657,Document
E001628,FIR008180,Image
E001629,FIR000658,Video
E001630,FIR009092,Image
E001631,FIR008940,Document
E001632,FIR003660,Video
E001633,FIR008168,Video
E001634,FIR009024,Image
E001635,FIR003886,Image
E001636,FIR008060,Document
E001637,FIR009276,Document
E001638,FIR006130,Image
E001639,FIR004899,Image
E001640,FIR004954,Image
E001641,FIR004667,Image
E001642,FIR001255,Video
E001643,FIR000791,Image
E001644,FIR009885,Image
E001645,FIR000584,Document
E001646,FIR006342,Image
E001647,FIR003977,Document
E001648,FIR006056,Video
E001649,FIR002511,Document
E001650,FIR008959,Video
E001651,FIR009733,Document
E001652,FIR005834,Video
E001653,FIR008519,Video
E001654,FIR004669,Document
E001655,FIR003322,Image
E001656,FIR002594,Video
E001657,FIR009107,Video
E001658,FIR008216,Image
E001659,FIR008595,Image
E001660,FIR002254,Document
E001661,FIR006162,Image
E001662,FIR006315,Image
E001663,FIR001212,Video
E001664,FIR006899,Image
E001665,FIR001657,Document
E001666,FIR004890,Image
E001667,FIR003856,Image
E001668,FIR006095,Video
E001669,FIR008262,Image
E001670,FIR007986,Image
E001671,FIR001033,Document
E001672,FIR005018,Video
E001673,FIR003572,Image
E001674,FIR009249,Document
E001675,FIR004509,Document
E001676,FIR004703,Image
E001677,FIR001733,Image
E001678,FIR004320,Video
E001679,FIR008056,Video
E001680,FIR009564,Video
E001681,FIR008676,Document
E001682,FIR004207,Document
E001683,FIR004409,Image
E001684,FIR003244,Video
E001685,FIR008232,Document
E001686,FIR004231,Document
E001687,FIR008778,Video
E001688,FIR009135,Image
E001689,FIR007154,Document
E001690,FIR009010,Document
E001691,FIR008311,Document
E001692,FIR009964,Document
E001693,FIR001885,Document
E001694,FIR006015,Document
E001695,FIR006531,Video
E001696,FIR009383,Document
E001697,FIR000273,Image
E001698,FIR003756,Image
E001699,FIR002532,Image
E001700,FIR007767,Document
E001701,FIR008649,Image
E001702,FIR007090,Image
E001703,FIR002649,Document
E001704,FIR006911,Video
E001705,FIR008500,Image
E001706,FIR002102,Image
E001707,FIR007114,Document
E001708,FIR007986,Document
E001709,FIR000593,Document
E001710,FIR007191,Image
E001711,FIR006733,Image
E001712,FIR002224,Image
E001713,FIR007809,Video
E001714,FIR003528,Image
E001715,FIR008584,Image
E001716,FIR008515,Image
E001717,FIR008547,Image
E001718,FIR009511,Image
E001719,FIR004341,Image
E001720,FIR004546,Image
E001721,FIR007924,Image
E001722,FIR001496,Document
E001723,FIR002280,Document
E001724,FIR004000,Image
E001725,FIR005795,Video
E001726,FIR004645,Document
E001727,FIR007023,Document
E001728,FIR003226,Document
E001729,FIR001447,Document
E001730,FIR000260,Video
E001731,FIR007787,Image
E001732,FIR003594,Video
E001733,FIR003360,Video
E001734,FIR004888,Image
E001735,FIR005368,Video
E001736,FIR003367,Image
E001737,FIR006410,Document
E001738,FIR007161,Image
E001739,FIR005725,Document
E001740,FIR005702,Document
E001741,FIR002849,Document
E001742,FIR008447,Image
E001743,FIR009623,Document
E001744,FIR007985,Video
E001745,FIR007938,Video
E001746,FIR001475,Document
E001747,FIR000144,Document
E001748,FIR000974,Document
E001749,FIR007214,Video
E001750,FIR009150,Document
E001751,FIR004172,Image
E001752,FIR005070,Image
E001753,FIR009279,Video
E001754,FIR002896,Image
E001755,FIR009926,Image
E001756,FIR009743,Document
E001757,FIR009544,Video
E001758,FIR006711,Video
E001759,FIR008276,Document
E001760,FIR002537,Document
E001761,FIR004910,Video
E001762,FIR006718,Document
E001763,FIR005523,Video
E001764,FIR001672,Document
E001765,FIR002255,Image
E001766,FIR009840,Video
E001767,FIR002943,Image
E001768,FIR004253,Image
E001769,FIR003889,Image
E001770,FIR007231,Video
E001771,FIR005001,Document
E001772,FIR008014,Video
E001773,FIR009100,Video
E001774,FIR002834,Image
E001775,FIR008261,Image
E001776,FIR008844,Image
E001777,FIR000009,Image
E001778,FIR001319,Video
E001779,FIR007596,Video
E001780,FIR003384,Document
E001781,FIR000132,Video
E001782,FIR006697,Document
E001783,FIR006921,Video
E001784,FIR007977,Image
E001785,FIR001549,Document
E001786,FIR006808,Video
E001787,FIR002183,Document
E001788,FIR000960,Image
E001789,FIR004705,Document
E001790,FIR000014,Video
E001791,FIR001619,Document
E001792,FIR004731,Image
E001793,FIR000388,Video
E001794,FIR009751,Document
E001795,FIR000683,Image
E001796,FIR002583,Document
E001797,FIR007052,Document
E001798,FIR006200,Document
E001799,FIR009208,Document
E001800,FIR007731,Document
E001801,FIR000833,Document
E001802,FIR003084,Video
E001803,FIR006910,Document
E001804,FIR008595,Image
E001805,FIR009931,Image
E001806,FIR008054,Image
E001807,FIR009851,Video
E001808,FIR005623,Document
E001809,FIR000952,Video
E001810,FIR007769,Document
E001811,FIR004197,Document
E001812,FIR008014,Image
E001813,FIR007614,Video
E001814,FIR001198,Image
E001815,FIR001578,Document
E001816,FIR005704,Document
E001817,FIR004262,Video
E001818,FIR000711,Video
E001819,FIR009844,Document
E001820,FIR005769,Video
E001821,FIR001026,Document
E001822,FIR000462,Video
E001823,FIR001103,Document
E001824,FIR009310,Document
E001825,FIR000910,Document
E001826,FIR009597,Image
E001827,FIR002721,Video
E001828,FIR004623,Document
E001829,FIR005521,Image
E001830,FIR001137,Image
E001831,FIR004724,Video
E001832,FIR002022,Video
E001833,FIR007872,Image
E001834,FIR001743,Image
E001835,FIR007215,Video
E001836,FIR003603,Document
E001837,FIR007536,Video
E001838,FIR008821,Document
E001839,FIR001667,Document
E001840,FIR004655,Video
E001841,FIR000424,Video
E001842,FIR001059,Image
E001843,FIR006183,Image
E001844,FIR005938,Image
E001845,FIR000608,Document
E001846,FIR000676,Image
E001847,FIR002175,Image
E001848,FIR001781,Document
E001849,FIR000187,Document
E001850,FIR003811,Image
E001851,FIR000858,Document
E001852,FIR005307,Document
E001853,FIR002677,Document
E001854,FIR009512,Video
E001855,FIR000612,Image
E001856,FIR000936,Image
E001857,FIR006229,Video
E001858,FIR002144,Image
E001859,FIR005170,Document
E001860,FIR007253,Document
E001861,FIR007086,Document
E001862,FIR000574,Document
E001863,FIR000515,Document
E001864,FIR008542,Image
E001865,FIR005948,Image
E001866,FIR005137,Video
E001867,FIR008013,Image
E001868,FIR005481,Video
E001869,FIR000873,Video
E001870,FIR009195,Document
E001871,FIR003709,Document
E001872,FIR005533,Video
E001873,FIR001076,Image
E001874,FIR002889,Image
E001875,FIR008383,Image
E001876,FIR002550,Video
E001877,FIR003182,Image
E001878,FIR006158,Document
E001879,FIR008862,Video
E001880,FIR000890,Video
E001881,FIR006770,Document
E001882,FIR000199,Video
E001883,FIR006568,Document
E001884,FIR004890,Video
E001885,FIR002257,Document
E001886,FIR004423,Document
E001887,FIR001003,Video
E001888,FIR007678,Video
E001889,FIR007945,Document
E001890,FIR008796,Document
E001891,FIR003256,Video
E001892,FIR005090,Video
E001893,FIR006180,Video
E001894,FIR005791,Document
E001895,FIR001383,Image
E001896,FIR002638,Image
E001897,FIR007847,Document
E001898,FIR004091,Video
E001899,FIR002688,Image
E001900,FIR002293,Video
E001901,FIR002910,Image
E001902,FIR000338,Video
E001903,FIR006945,Video
E001904,FIR000640,Image
E001905,FIR004005,Image
E001906,FIR008743,Image
E001907,FIR004248,Document
E001908,FIR007238,Image
E001909,FIR001619,Image
E001910,FIR007596,Image
E001911,FIR005254,Image
E001912,FIR006551,Image
E001913,FIR000618,Video
E001914,FIR005564,Document
E001915,FIR005532,Document
E001916,FIR000465,Document
E001917,FIR009043,Document
E001918,FIR001700,Document
E001919,FIR006653,Image
E001920,FIR006998,Video
E001921,FIR008197,Video
E001922,FIR007374,Document
E001923,FIR004255,Video
E001924,FIR009239,Video
E001925,FIR000172,Document
E001926,FIR005718,Video
E001927,FIR005484,Video
E001928,FIR001162,Document
E001929,FIR004109,Image
E001930,FIR009947,Video
E001931,FIR000609,Document
E001932,FIR001728,Document
E001933,FIR003021,Document
E001934,FIR006397,Video
E001935,FIR002401,Image
E001936,FIR009756,Video
E001937,FIR003100,Document
E001938,FIR009607,Image
E001939,FIR009689,Video
E001940,FIR009801,Document
E001941,FIR006195,Document
E001942,FIR003853,Video
E001943,FIR005791,Image
E001944,FIR007010,Image
E001945,FIR005154,Video
E001946,FIR003671,Document
E001947,FIR004916,Document
E001948,FIR008448,Image
E001949,FIR009622,Document
E001950,FIR001075,Image
E001951,FIR009234,Document
E001952,FIR003964,Image
E001953,FIR009282,Video
E001954,FIR005776,Video
E001955,FIR008170,Image
E001956,FIR003759,Document
E001957,FIR001764,Document
E001958,FIR003461,Document
E001959,FIR002439,Video
E001960,FIR006281,Document
E001961,FIR004296,Document
E001962,FIR004743,Video
E001963,FIR005082,Document
E001964,FIR001385,Video
E001965,FIR003388,Video
E001966,FIR006460,Document
E001967,FIR006605,Document
E001968,FIR009902,Image
E001969,FIR008549,Document
E001970,FIR009200,Image
E001971,FIR002683,Image
E001972,FIR003091,Document
E001973,FIR005708,Video
E001974,FIR009743,Image
E001975,FIR003868,Image
E001976,FIR005920,Image
E001977,FIR000212,Image
E001978,FIR003343,Video
E001979,FIR001803,Image
E001980,FIR008389,Document
E001981,FIR005112,Image
E001982,FIR009461,Video
E001983,FIR004775,Video
E001984,FIR003284,Image
E001985,FIR002152,Image
E001986,FIR001275,Image
E001987,FIR007530,Video
E001988,FIR009229,Video
E001989,FIR000048,Video
E001990,FIR007923,Video
E001991,FIR004302,Video
E001992,FIR005405,Document
E001993,FIR001511,Image
E001994,FIR003123,Video
E001995,FIR008913,Image
E001996,FIR003720,Video
E001997,FIR007106,Document
E001998,FIR002920,Image
E001999,FIR004601,Video
E002000,FIR000098,Document
E002001,FIR004259,Document
E002002,FIR001753,Document
E002003,FIR006141,Video
E002004,FIR003315,Document
E002005,FIR002309,Video
E002006,FIR007702,Document
E002007,FIR000380,Video
E002008,FIR004936,Document
E002009,FIR006521,Video
E002010,FIR001185,Document
E002011,FIR004332,Image
E002012,FIR005934,Video
E002013,FIR002243,Image
E002014,FIR003685,Document
E002015,FIR007381,Document
E002016,FIR000635,Video
E002017,FIR002356,Video
E002018,FIR003412,Video
E002019,FIR004223,Video
E002020,FIR006184,Document
E002021,FIR007457,Document
E002022,FIR007455,Document
E002023,FIR008202,Video
E002024,FIR002257,Video
E002025,FIR005389,Video
E002026,FIR005278,Video
E002027,FIR005028,Document
E002028,FIR007435,Document
E002029,FIR006331,Image
E002030,FIR003813,Image
E002031,FIR002172,Video
E002032,FIR009050,Document
E002033,FIR007204,Video
E002034,FIR006167,Video
E002035,FIR009902,Image
E002036,FIR006095,Image
E002037,FIR001334,Video
E002038,FIR003154,Image
E002039,FIR005148,Document
E002040,FIR002222,Document
E002041,FIR001232,Video
E002042,FIR009021,Document
E002043,FIR003596,Document
E002044,FIR005206,Video
E002045,FIR004958,Image
E002046,FIR004876,Document
E002047,FIR004255,Video
E002048,FIR009861,Document
E002049,FIR008403,Document
E002050,FIR009828,Document
E002051,FIR005146,Video
E002052,FIR007153,Video
E002053,FIR005723,Video
E002054,FIR009747,Document
E002055,FIR004876,Video
E002056,FIR002480,Video
E002057,FIR009577,Document
E002058,FIR004002,Document
E002059,FIR008405,Image
E002060,FIR007042,Document
E002061,FIR005039,Image
E002062,FIR001322,Image
E002063,FIR007732,Image
E002064,FIR006555,Image
E002065,FIR005614,Document
E002066,FIR006750,Document
E002067,FIR006031,Video
E002068,FIR005522,Document
E002069,FIR001960,Document
E002070,FIR004241,Image
E002071,FIR009885,Video
E002072,FIR002580,Image
E002073,FIR003457,Video
E002074,FIR004340,Video
E002075,FIR001986,Video
E002076,FIR005180,Document
E002077,FIR005171,Image
E002078,FIR000876,Image
E002079,FIR007715,Document
E002080,FIR000841,Video
E002081,FIR003513,Document
E002082,FIR001056,Video
E002083,FIR006908,Image
E002084,FIR008660,Video
E002085,FIR004550,Document
E002086,FIR000731,Image
E002087,FIR000648,Video
E002088,FIR005467,Image
E002089,FIR004972,Video
E002090,FIR001672,Document
E002091,FIR006671,Document
E002092,FIR005225,Video
E002093,FIR002362,Document
E002094,FIR005948,Document
E002095,FIR006284,Image
E002096,FIR003227,Document
E002097,FIR001596,Image
E002098,FIR002002,Image
E002099,FIR001247,Document
E002100,FIR002125,Document
E002101,FIR005733,Image
E002102,FIR009113,Image
E002103,FIR008565,Document
E002104,FIR008204,Video
E002105,FIR006398,Image
E002106,FIR000195,Image
E002107,FIR006840,Video
E002108,FIR001973,Document
E002109,FIR006469,Video
E002110,FIR006236,Video
E002111,FIR008487,Document
E002112,FIR009629,Document
E002113,FIR000650,Video
E002114,FIR004044,Video
E002115,FIR008728,Video
E002116,FIR008988,Image
E002117,FIR000416,Image
E002118,FIR005334,Document
E002119,FIR008784,Video
E002120,FIR007445,Image
E002121,FIR001479,Video
E002122,FIR003186,Video
E002123,FIR007130,Image
E002124,FIR001472,Video
E002125,FIR000773,Document
E002126,FIR008815,Image
E002127,FIR005484,Document
E002128,FIR001326,Document
E002129,FIR000556,Video
E002130,FIR000833,Document
E002131,FIR005321,Video
E002132,FIR006766,Document
E002133,FIR002015,Video
E002134,FIR002904,Document
E002135,FIR009478,Image
E002136,FIR007191,Video
E002137,FIR006938,Video
E002138,FIR004064,Document
E002139,FIR007952,Video
E002140,FIR002749,Document
E002141,FIR004879,Document
E002142,FIR002995,Document
E002143,FIR003524,Image
E002144,FIR000797,Video
E002145,FIR007283,Image
E002146,FIR007229,Video
E002147,FIR004724,Document
E002148,FIR007001,Video
E002149,FIR007177,Image
E002150,FIR009182,Document
E002151,FIR003691,Video
E002152,FIR001577,Image
E002153,FIR000223,Document
E002154,FIR001146,Video
E002155,FIR009562,Document
E002156,FIR007403,Document
E002157,FIR008837,Image
E002158,FIR003455,Video
E002159,FIR000201,Image
E002160,FIR002277,Image
E002161,FIR008461,Document
E002162,FIR007568,Video
E002163,FIR005840,Image
E002164,FIR007543,Document
E002165,FIR001273,Document
E002166,FIR009382,Document
E002167,FIR000120,Document
E002168,FIR004837,Video
E002169,FIR004185,Document
E002170,FIR002356,Document
E002171,FIR001435,Document
E002172,FIR005034,Video
E002173,FIR001027,Image
E002174,FIR004876,Video
E002175,FIR006583,Video
E002176,FIR000183,Video
E002177,FIR007624,Image
E002178,FIR000759,Image
E002179,FIR006070,Document
E002180,FIR006578,Image
E002181,FIR002736,Video
E002182,FIR001395,Video
E002183,FIR002147,Document
E002184,FIR005198,Document
E002185,FIR000309,Document
E002186,FIR003350,Video
E002187,FIR007454,Video
E002188,FIR009620,Image
E002189,FIR001104,Video
E002190,FIR001810,Document
E002191,FIR002053,Image
E002192,FIR001361,Document
E002193,FIR001031,Document
E002194,FIR003320,Document
E002195,FIR006162,Video
E002196,FIR004439,Video
E002197,FIR002370,Document
E002198,FIR007079,Image
E002199,FIR003618,Video
E002200,FIR003411,Video
E002201,FIR003100,Video
E002202,FIR004317,Document
E002203,FIR009391,Document
E002204,FIR006524,Document
E002205,FIR003352,Image
E002206,FIR006989,Image
E002207,FIR007779,Image
E002208,FIR001887,Image
E002209,FIR009385,Video
E002210,FIR005933,Image
E002211,FIR007249,Image
E002212,FIR001198,Image
E002213,FIR007892,Image
E002214,FIR008975,Image
E002215,FIR005144,Document
E002216,FIR007849,Document
E002217,FIR002937,Image
E002218,FIR007517,Image
E002219,FIR000650,Document
E002220,FIR006316,Video
E002221,FIR007013,Video
E002222,FIR007263,Video
E002223,FIR003188,Image
E002224,FIR009265,Video
E002225,FIR007957,Document
E002226,FIR004869,Video
E002227,FIR009549,Image
E002228,FIR001257,Image
E002229,FIR008537,Video
E002230,FIR003726,Document
E002231,FIR003986,Document
E002232,FIR009680,Document
E002233,FIR007418,Video
E002234,FIR002506,Video
E002235,FIR003586,Video
E002236,FIR006136,Document
E002237,FIR004564,Image
E002238,FIR000076,Image
E002239,FIR007455,Document
E002240,FIR006915,Image
E002241,FIR009971,Video
E002242,FIR000630,Video
E002243,FIR004876,Video
E002244,FIR004359,Document
E002245,FIR001258,Image
E002246,FIR007353,Image
E002247,FIR007967,Video
E002248,FIR009840,Video
E002249,FIR003253,Image
E002250,FIR005039,Image
E002251,FIR007567,Document
E002252,FIR000455,Document
E002253,FIR005231,Video
E002254,FIR004855,Video
E002255,FIR003157,Video
E002256,FIR002928,Video
E002257,FIR005637,Video
E002258,FIR004997,Image
E002259,FIR008858,Image
E002260,FIR007291,Image
E002261,FIR006247,Document
E002262,FIR008731,Video
E002263,FIR000716,Video
E002264,FIR000354,Document
E002265,FIR000472,Video
E002266,FIR009537,Document
E002267,FIR009407,Video
E002268,FIR009123,Video
E002269,FIR009234,Image
E002270,FIR006097,Video
E002271,FIR000228,Image
E002272,FIR005745,Image
E002273,FIR004811,Document
E002274,FIR005570,Document
E002275,FIR003441,Document
E002276,FIR009952,Video
E002277,FIR008371,Document
E002278,FIR009140,Video
E002279,FIR000444,Image
E002280,FIR004760,Video
E002281,FIR006284,Document
E002282,FIR000359,Image
E002283,FIR009340,Document
E002284,FIR007334,Document
E002285,FIR007720,Video
E002286,FIR007647,Video
E002287,FIR005573,Image
E002288,FIR001177,Image
E002289,FIR003371,Video
E002290,FIR002969,Document
E002291,FIR009949,Document
E002292,FIR001481,Document
E002293,FIR004351,Video
E002294,FIR003719,Image
E002295,FIR001784,Image
E002296,FIR000513,Image
E002297,FIR004686,Video
E002298,FIR004026,Video
E002299,FIR005005,Document
E002300,FIR003478,Image
E002301,FIR006111,Image
E002302,FIR005410,Image
E002303,FIR003148,Video
E002304,FIR005275,Document
E002305,FIR001368,Image
E002306,FIR004021,Video
E002307,FIR001066,Image
E002308,FIR000619,Image
E002309,FIR001154,Document
E002310,FIR005546,Image
E002311,FIR008590,Document
E002312,FIR002622,Document
E002313,FIR000150,Document
E002314,FIR006259,Document
E002315,FIR007207,Video
E002316,FIR007968,Image
E002317,FIR008486,Video
E002318,FIR009145,Document
E002319,FIR004321,Video
E002320,FIR003896,Document
E002321,FIR002156,Video
E002322,FIR001711,Image
E002323,FIR001021,Video
E002324,FIR000020,Document
E002325,FIR005404,Image
E002326,FIR005992,Image
E002327,FIR001689,Document
E002328,FIR009436,Video
E002329,FIR006267,Image
E002330,FIR006793,Video
E002331,FIR006675,Video
E002332,FIR007588,Document
E002333,FIR002655,Video
E002334,FIR009790,Video
E002335,FIR002860,Image
E002336,FIR009920,Video
E002337,FIR007707,Video
E002338,FIR009101,Document
E002339,FIR008172,Image
E002340,FIR000815,Video
E002341,FIR005018,Image
E002342,FIR009514,Image
E002343,FIR007119,Video
E002344,FIR001853,Document
E002345,FIR009754,Video
E002346,FIR003153,Video
E002347,FIR005561,Image
E002348,FIR008195,Document
E002349,FIR003238,Image
E002350,FIR001046,Document
E002351,FIR001703,Image
E002352,FIR000623,Video
E002353,FIR003084,Document
E002354,FIR006446,Document
E002355,FIR004602,Image
E002356,FIR005765,Video
E002357,FIR005534,Image
E002358,FIR003351,Document
E002359,FIR002177,Document
E002360,FIR009740,Document
E002361,FIR005690,Video
E002362,FIR009037,Image
E002363,FIR002365,Document
E002364,FIR009529,Image
E002365,FIR007640,Video
E002366,FIR009363,Image
E002367,FIR004257,Image
E002368,FIR009960,Image
E002369,FIR004876,Video
E002370,FIR000605,Document
E002371,FIR004045,Video
E002372,FIR002575,Document
E002373,FIR004911,Image
E002374,FIR003281,Video
E002375,FIR009154,Image
E002376,FIR001930,Video
E002377,FIR000255,Video
E002378,FIR006655,Image
E002379,FIR005578,Document
E002380,FIR006126,Video
E002381,FIR003639,Image
E002382,FIR003609,Image
E002383,FIR007820,Video
E002384,FIR005593,Image
E002385,FIR004613,Image
E002386,FIR004645,Image
E002387,FIR006284,Image
E002388,FIR002149,Document
E002389,FIR005400,Video
E002390,FIR001884,Document
E002391,FIR006562,Image
E002392,FIR001503,Video
E002393,FIR007298,Image
E002394,FIR009819,Document
E002395,FIR005947,Image
E002396,FIR008769,Document
E002397,FIR001157,Image
E002398,FIR009153,Document
E002399,FIR001805,Video
E002400,FIR005088,Video
E002401,FIR008163,Video
E002402,FIR008545,Document
E002403,FIR003199,Image
E002404,FIR004448,Video
E002405,FIR001922,Document
E002406,FIR009030,Video
E002407,FIR006936,Video
E002408,FIR000930,Document
E002409,FIR003653,Video
E002410,FIR006102,Video
E002411,FIR003246,Video
E002412,FIR008146,Video
E002413,FIR002579,Image
E002414,FIR003452,Image
E002415,FIR004651,Image
E002416,FIR006344,Video
E002417,FIR007700,Document
E002418,FIR006671,Image
E002419,FIR004868,Image
E002420,FIR008121,Document
E002421,FIR007485,Video
E002422,FIR002066,Document
E002423,FIR005965,Image
E002424,FIR009512,Video
E002425,FIR004602,Image
E002426,FIR002697,Image
E002427,FIR006288,Video
E002428,FIR003490,Video
E002429,FIR001494,Document
E002430,FIR001066,Document
E002431,FIR007749,Video
E002432,FIR000768,Video
E002433,FIR007701,Image
E002434,FIR002281,Document
E002435,FIR001512,Video
E002436,FIR008149,Document
E002437,FIR009483,Document
E002438,FIR006870,Video
E002439,FIR002723,Image
E002440,FIR008820,Video
E002441,FIR006821,Image
E002442,FIR009805,Document
E002443,FIR004672,Document
E002444,FIR002601,Document
E002445,FIR009971,Video
E002446,FIR002371,Document
E002447,FIR008532,Image
E002448,FIR001073,Video
E002449,FIR008509,Document
E002450,FIR002373,Document
E002451,FIR006223,Image
E002452,FIR005594,Document
E002453,FIR000659,Document
E002454,FIR003150,Document
E002455,FIR002556,Image
E002456,FIR007714,Video
E002457,FIR002334,Document
E002458,FIR005363,Document
E002459,FIR003115,Image
E002460,FIR000278,Video
E002461,FIR004428,Document
E002462,FIR004375,Image
E002463,FIR007535,Video
E002464,FIR009313,Image
E002465,FIR004799,Video
E002466,FIR005775,Video
E002467,FIR000854,Image
E002468,FIR009476,Image
E002469,FIR006235,Image
E002470,FIR009178,Image
E002471,FIR008691,Image
E002472,FIR003496,Image
E002473,FIR001620,Video
E002474,FIR009910,Image
E002475,FIR002512,Document
E002476,FIR009342,Image
E002477,FIR004633,Document
E002478,FIR007434,Image
E002479,FIR006503,Video
E002480,FIR001832,Image
E002481,FIR003010,Document
E002482,FIR008861,Video
E002483,FIR005523,Image
E002484,FIR007685,Image
E002485,FIR001840,Document
E002486,FIR002362,Video
E002487,FIR000284,Video
E002488,FIR003115,Document
E002489,FIR000780,Document
E002490,FIR002136,Document
E002491,FIR002718,Video
E002492,FIR007923,Document
E002493,FIR007106,Video
E002494,FIR000985,Image
E002495,FIR009372,Video
E002496,FIR008375,Document
E002497,FIR001232,Video
E002498,FIR003786,Document
E002499,FIR004598,Video
E002500,FIR004592,Image
E002501,FIR002612,Image
E002502,FIR002118,Video
E002503,FIR007662,Document
E002504,FIR008036,Document
E002505,FIR003526,Document
E002506,FIR000701,Image
E002507,FIR000026,Document
E002508,FIR006634,Image
E002509,FIR001991,Video
E002510,FIR004604,Image
E002511,FIR004369,Video
E002512,FIR003542,Image
E002513,FIR002951,Document
E002514,FIR004013,Document
E002515,FIR003469,Document
E002516,FIR006167,Image
E002517,FIR003748,Document
E002518,FIR000563,Image
E002519,FIR006672,Image
E002520,FIR006507,Video
E002521,FIR003547,Video
E002522,FIR006191,Video
E002523,FIR000091,Image
E002524,FIR007824,Document
E002525,FIR008398,Document
E002526,FIR004493,Image
E002527,FIR003800,Video
E002528,FIR006679,Document
E002529,FIR004913,Document
E002530,FIR001817,Image
E002531,FIR004814,Document
E002532,FIR002417,Video
E002533,FIR007439,Image
E002534,FIR000855,Image
E002535,FIR009494,Video
E002536,FIR009647,Image
E002537,FIR009633,Image
E002538,FIR007407,Document
E002539,FIR009851,Document
E002540,FIR007404,Video
E002541,FIR009895,Video
E002542,FIR007618,Video
E002543,FIR005505,Video
E002544,FIR002214,Image
E002545,FIR002476,Image
E002546,FIR008551,Document
E002547,FIR001676,Video
E002548,FIR007270,Document
E002549,FIR007974,Video
E002550,FIR008815,Document
E002551,FIR006087,Image
E002552,FIR000280,Document
E002553,FIR005813,Document
E002554,FIR005348,Document
E002555,FIR001643,Document
E002556,FIR002204,Image
E002557,FIR006797,Document
E002558,FIR002173,Video
E002559,FIR007177,Document
E002560,FIR002951,Video
E002561,FIR005367,Image
E002562,FIR002973,Video
E002563,FIR003163,Video
E002564,FIR002251,Image
E002565,FIR006776,Document
E002566,FIR000218,Image
E002567,FIR008298,Image
E002568,FIR004153,Video
E002569,FIR007542,Document
E002570,FIR002443,Video
E002571,FIR002278,Image
E002572,FIR003490,Video
E002573,FIR008178,Image
E002574,FIR007794,Video
E002575,FIR009744,Image
E002576,FIR002510,Document
E002577,FIR009718,Video
E002578,FIR009670,Image
E002579,FIR004591,Video
E002580,FIR000744,Image
E002581,FIR001528,Document
E002582,FIR002678,Image
E002583,FIR009122,Video
E002584,FIR006951,Image
E002585,FIR004491,Video
E002586,FIR001662,Video
E002587,FIR008817,Document
E002588,FIR002295,Video
E002589,FIR008655,Video
E002590,FIR003881,Document
E002591,FIR005356,Video
E002592,FIR005005,Video
E002593,FIR006361,Video
E002594,FIR002997,Image
E002595,FIR004038,Video
E002596,FIR000509,Image
E002597,FIR004457,Document
E002598,FIR007526,Document
E002599,FIR007540,Video
E002600,FIR003002,Document
E002601,FIR003699,Video
E002602,FIR006935,Video
E002603,FIR004344,Document
E002604,FIR006222,Video
E002605,FIR003317,Video
E002606,FIR007430,Image
E002607,FIR008376,Image
E002608,FIR007373,Image
E002609,FIR008737,Document
E002610,FIR004854,Image
E002611,FIR000110,Video
E002612,FIR009345,Document
E002613,FIR004948,Document
E002614,FIR007368,Image
E002615,FIR007452,Video
E002616,FIR007022,Video
E002617,FIR005213,Document
E002618,FIR004616,Video
E002619,FIR009131,Image
E002620,FIR000657,Document
E002621,FIR002647,Video
E002622,FIR003121,Image
E002623,FIR009459,Image
E002624,FIR001147,Image
E002625,FIR005054,Document
E002626,FIR002890,Document
E002627,FIR003496,Image
E002628,FIR007325,Document
E002629,FIR001231,Image
E002630,FIR005424,Image
E002631,FIR007567,Document
E002632,FIR005231,Video
E002633,FIR008368,Image
E002634,FIR005458,Image
E002635,FIR001805,Image
E002636,FIR004330,Document
E002637,FIR001025,Video
E002638,FIR004204,Video
E002639,FIR005577,Video
E002640,FIR007395,Image
E002641,FIR001388,Image
E002642,FIR008718,Document
E002643,FIR009156,Video
E002644,FIR000429,Image
E002645,FIR004368,Image
E002646,FIR003324,Document
E002647,FIR006833,Image
E002648,FIR009438,Document
E002649,FIR009708,Video
E002650,FIR009758,Video
E002651,FIR007650,Image
E002652,FIR006743,Video
E002653,FIR002272,Document
E002654,FIR001005,Image
E002655,FIR007209,Video
E002656,FIR002962,Image
E002657,FIR002074,Video
E002658,FIR001000,Image
E002659,FIR005537,Image
E002660,FIR003164,Document
E002661,FIR003041,Video
E002662,FIR006375,Image
E002663,FIR007731,Video
E002664,FIR002484,Image
E002665,FIR009931,Video
E002666,FIR001215,Document
E002667,FIR002046,Document
E002668,FIR003059,Document
E002669,FIR009503,Image
E002670,FIR009395,Video
E002671,FIR008358,Document
E002672,FIR007445,Image
E002673,FIR001930,Image
E002674,FIR003932,Document
E002675,FIR004252,Video
E002676,FIR004602,Video
E002677,FIR005860,Image
E002678,FIR001271,Video
E002679,FIR007130,Video
E002680,FIR007040,Video
E002681,FIR000452,Image
E002682,FIR006994,Video
E002683,FIR005492,Video
E002684,FIR005654,Document
E002685,FIR002210,Video
E002686,FIR002513,Document
E002687,FIR009261,Document
E002688,FIR009662,Document
E002689,FIR006968,Image
E002690,FIR001652,Image
E002691,FIR007143,Video
E002692,FIR001800,Image
E002693,FIR008943,Video
E002694,FIR009434,Image
E002695,FIR001638,Document
E002696,FIR006345,Document
E002697,FIR004752,Image
E002698,FIR001031,Image
E002699,FIR006710,Video
E002700,FIR007367,Video
E002701,FIR005885,Video
E002702,FIR005195,Image
E002703,FIR003020,Video
E002704,FIR009308,Video
E002705,FIR007945,Document
E002706,FIR005911,Document
E002707,FIR009639,Document
E002708,FIR009222,Video
E002709,FIR000827,Video
E002710,FIR006010,Image
E002711,FIR008437,Document
E002712,FIR002427,Image
E002713,FIR006050,Image
E002714,FIR003246,Image
E002715,FIR003457,Video
E002716,FIR002228,Image
E002717,FIR005066,Image
E002718,FIR002997,Image
E002719,FIR008130,Video
E002720,FIR008522,Video
E002721,FIR000982,Video
E002722,FIR000322,Video
E002723,FIR009596,Image
E002724,FIR008999,Image
E002725,FIR001923,Document
E002726,FIR007931,Image
E002727,FIR005269,Document
E002728,FIR003352,Document
E002729,FIR000151,Video
E002730,FIR000121,Image
E002731,FIR009332,Document
E002732,FIR005902,Video
E002733,FIR006166,Document
E002734,FIR001997,Video
E002735,FIR001539,Video
E002736,FIR001862,Image
E002737,FIR007492,Document
E002738,FIR003704,Document
E002739,FIR004154,Image
E002740,FIR008396,Image
E002741,FIR002987,Image
E002742,FIR009189,Video
E002743,FIR003439,Image
E002744,FIR003737,Image
E002745,FIR004823,Image
E002746,FIR005484,Video
E002747,FIR003689,Document
E002748,FIR000346,Video
E002749,FIR006776,Image
E002750,FIR003649,Video
E002751,FIR002252,Document
E002752,FIR002712,Document
E002753,FIR003220,Image
E002754,FIR002064,Document
E002755,FIR001315,Image
E002756,FIR004782,Document
E002757,FIR004501,Document
E002758,FIR001928,Document
E002759,FIR009518,Document
E002760,FIR004738,Video
E002761,FIR007587,Video
E002762,FIR007996,Image
E002763,FIR009345,Document
E002764,FIR008026,Image
E002765,FIR008075,Document
E002766,FIR002246,Document
E002767,FIR009413,Document
E002768,FIR004814,Document
E002769,FIR006849,Document
E002770,FIR001371,Image
E002771,FIR008816,Image
E002772,FIR006488,Video
E002773,FIR009097,Document
E002774,FIR003432,Video
E002775,FIR000805,Video
E002776,FIR000827,Document
E002777,FIR003056,Document
E002778,FIR003727,Video
E002779,FIR005625,Document
E002780,FIR004961,Video
E002781,FIR006533,Video
E002782,FIR001455,Image
E002783,FIR003951,Video
E002784,FIR003414,Image
E002785,FIR002190,Image
E002786,FIR000286,Video
E002787,FIR002331,Video
E002788,FIR005286,Video
E002789,FIR005213,Video
E002790,FIR001487,Document
E002791,FIR006631,Image
E002792,FIR008752,Image
E002793,FIR008138,Video
E002794,FIR003673,Video
E002795,FIR006321,Video
E002796,FIR009007,Image
E002797,FIR008671,Image
E002798,FIR003900,Video
E002799,FIR005538,Document
E002800,FIR003089,Video
E002801,FIR009677,Video
E002802,FIR001121,Image
E002803,FIR009348,Video
E002804,FIR008335,Document
E002805,FIR003628,Video
E002806,FIR006263,Image
E002807,FIR008470,Document
E002808,FIR002906,Document
E002809,FIR003724,Video
E002810,FIR000257,Image
E002811,FIR002719,Document
E002812,FIR003698,Image
E002813,FIR006275,Image
E002814,FIR007257,Document
E002815,FIR000810,Image
E002816,FIR007834,Video
E002817,FIR003918,Video
E002818,FIR006513,Video
E002819,FIR008289,Document
E002820,FIR001216,Video
E002821,FIR008333,Image
E002822,FIR006388,Document
E002823,FIR005666,Document
E002824,FIR006293,Document
E002825,FIR006935,Video
E002826,FIR000011,Document
E002827,FIR008618,Image
E002828,FIR009386,Image
E002829,FIR003253,Image
E002830,FIR006561,Document
E002831,FIR004857,Document
E002832,FIR000199,Image
E002833,FIR004345,Video
E002834,FIR005567,Document
E002835,FIR002358,Video
E002836,FIR003068,Document
E002837,FIR008480,Image
E002838,FIR006967,Image
E002839,FIR003775,Image
E002840,FIR006496,Document
E002841,FIR000223,Document
E002842,FIR001465,Image
E002843,FIR009285,Image
E002844,FIR006597,Image
E002845,FIR009696,Document
E002846,FIR005049,Video
E002847,FIR002240,Image
E002848,FIR007173,Image
E002849,FIR002635,Document
E002850,FIR002848,Video
E002851,FIR006229,Document
E002852,FIR005893,Video
E002853,FIR006149,Document
E002854,FIR004007,Image
E002855,FIR006446,Video
E002856,FIR004959,Video
E002857,FIR005595,Document
E002858,FIR003540,Video
E002859,FIR007667,Document
E002860,FIR004271,Image
E002861,FIR000269,Document
E002862,FIR001714,Document
E002863,FIR009549,Image
E002864,FIR006956,Video
E002865,FIR000063,Document
E002866,FIR001470,Image
E002867,FIR001326,Video
E002868,FIR001589,Image
E002869,FIR007142,Document
E002870,FIR001528,Image
E002871,FIR005620,Image
E002872,FIR005942,Video
E002873,FIR009965,Document
E002874,FIR006136,Document
E002875,FIR003771,Document
E002876,FIR008454,Document
E002877,FIR009593,Image
E002878,FIR009243,Image
E002879,FIR007456,Document
E002880,FIR007877,Video
E002881,FIR004909,Document
E002882,FIR003070,Image
E002883,FIR000147,Image
E002884,FIR008773,Video
E002885,FIR001980,Video
E002886,FIR008412,Image
E002887,FIR001880,Document
E002888,FIR004574,Image
E002889,FIR001647,Document
E002890,FIR003786,Video
E002891,FIR008689,Image
E002892,FIR007744,Video
E002893,FIR007094,Video
E002894,FIR008765,Image
E002895,FIR009795,Document
E002896,FIR003419,Image
E002897,FIR001242,Video
E002898,FIR007868,Video
E002899,FIR007657,Image
E002900,FIR005032,Video
E002901,FIR007045,Image
E002902,FIR007318,Document
E002903,FIR005858,Video
E002904,FIR009681,Video
E002905,FIR002516,Image
E002906,FIR005240,Document
E002907,FIR006739,Document
E002908,FIR005441,Image
E002909,FIR001508,Image
E002910,FIR009440,Document
E002911,FIR009020,Image
E002912,FIR002402,Video
E002913,FIR008617,Document
E002914,FIR007121,Document
E002915,FIR005913,Document
E002916,FIR006653,Document
E002917,FIR007612,Document
E002918,FIR002830,Video
E002919,FIR006340,Document
E002920,FIR009067,Image
E002921,FIR007026,Image
E002922,FIR003880,Video
E002923,FIR007498,Video
E002924,FIR007762,Video
E002925,FIR008541,Image
E002926,FIR006606,Image
E002927,FIR005178,Document
E002928,FIR006715,Video
E002929,FIR003856,Image
E002930,FIR000938,Video
E002931,FIR007801,Video
E002932,FIR001625,Document
E002933,FIR003088,Image
E002934,FIR002510,Document
E002935,FIR007568,Video
E002936,FIR002897,Video
E002937,FIR005322,Video
E002938,FIR001837,Video
E002939,FIR003443,Document
E002940,FIR002425,Image
E002941,FIR009023,Document
E002942,FIR000990,Video
E002943,FIR007405,Image
E002944,FIR005183,Image
E002945,FIR005916,Document
E002946,FIR005047,Video
E002947,FIR003454,Document
E002948,FIR005894,Image
E002949,FIR007413,Document
E002950,FIR004628,Image
E002951,FIR007428,Image
E002952,FIR002642,Video
E002953,FIR001345,Video
E002954,FIR004312,Video
E002955,FIR003479,Image
E002956,FIR001697,Document
E002957,FIR003125,Video
E002958,FIR005421,Image
E002959,FIR006490,Image
E002960,FIR006106,Document
E002961,FIR007572,Video
E002962,FIR003627,Document
E002963,FIR003380,Image
E002964,FIR008134,Video
E002965,FIR007407,Document
E002966,FIR002727,Document
E002967,FIR008496,Video
E002968,FIR002774,Document
E002969,FIR004686,Document
E002970,FIR005336,Image
E002971,FIR009226,Image
E002972,FIR008942,Image
E002973,FIR006732,Document
E002974,FIR009108,Document
E002975,FIR000982,Document
E002976,FIR002761,Image
E002977,FIR004557,Document
E002978,FIR005323,Video
E002979,FIR004620,Document
E002980,FIR004893,Image
E002981,FIR006494,Document
E002982,FIR008022,Video
E002983,FIR006525,Document
E002984,FIR002232,Image
E002985,FIR001080,Video
E002986,FIR000375,Image
E002987,FIR002547,Document
E002988,FIR009565,Video
E002989,FIR004270,Video
E002990,FIR000950,Image
E002991,FIR001347,Image
E002992,FIR001921,Image
E002993,FIR009620,Image
E002994,FIR008962,Document
E002995,FIR005302,Image
E002996,FIR001261,Video
E002997,FIR006506,Document
E002998,FIR005663,Video
E002999,FIR006119,Document
E003000,FIR004700,Document
