Investigation_ID,FIR_ID,Officer_ID,Status
INV000001,FIR002482,O0160,Closed
INV000002,FIR001253,O0304,Pending
INV000003,FIR005671,O0359,Pending
INV000004,FIR003456,O0348,Closed
INV000005,FIR003378,O0470,Closed
INV000006,FIR002014,O0394,Closed
INV000007,FIR002867,O0316,Closed
INV000008,FIR004669,O0290,Closed
INV000009,FIR001651,O0303,Closed
INV000010,FIR008444,O0288,Open
INV000011,FIR000174,O0214,Closed
INV000012,FIR008923,O0205,Pending
INV000013,FIR002372,O0401,Pending
INV000014,FIR002192,O0332,Pending
INV000015,FIR003380,O0260,Closed
INV000016,FIR003143,O0401,Open
INV000017,FIR004778,O0088,Open
INV000018,FIR009901,O0187,Pending
INV000019,FIR003527,O0158,Pending
INV000020,FIR009250,O0040,Closed
INV000021,FIR001625,O0128,Pending
INV000022,FIR004529,O0008,Open
INV000023,FIR000296,O0076,Open
INV000024,FIR007836,O0100,Open
INV000025,FIR002448,O0260,Closed
INV000026,FIR000555,O0080,Open
INV000027,FIR009163,O0041,Closed
INV000028,FIR003846,O0128,Open
INV000029,FIR000298,O0041,Closed
INV000030,FIR000969,O0449,Open
INV000031,FIR008601,O0252,Pending
INV000032,FIR006377,O0364,Open
INV000033,FIR009023,O0476,Pending
INV000034,FIR005457,O0368,Closed
INV000035,FIR005312,O0078,Pending
INV000036,FIR007380,O0453,Closed
INV000037,FIR007758,O0352,Closed
INV000038,FIR000272,O0105,Pending
INV000039,FIR007395,O0328,Closed
INV000040,FIR001738,O0221,Pending
INV000041,FIR005960,O0292,Open
INV000042,FIR004129,O0423,Closed
INV000043,FIR004704,O0195,Closed
INV000044,FIR004409,O0438,Open
INV000045,FIR002772,O0387,Pending
INV000046,FIR002289,O0024,Closed
INV000047,FIR007147,O0483,Closed
INV000048,FIR001550,O0103,Open
INV000049,FIR002436,O0365,Pending
INV000050,FIR008272,O0018,Pending
INV000051,FIR001982,O0274,Pending
INV000052,FIR007404,O0115,Pending
INV000053,FIR006787,O0376,Open
INV000054,FIR006754,O0338,Closed
INV000055,FIR004729,O0037,Closed
INV000056,FIR005819,O0071,Closed
INV000057,FIR003355,O0135,Closed
INV000058,FIR006820,O0073,Open
INV000059,FIR002699,O0046,Pending
INV000060,FIR004487,O0453,Open
INV000061,FIR002022,O0021,Closed
INV000062,FIR008059,O0320,Open
INV000063,FIR003400,O0489,Open
INV000064,FIR001906,O0450,Open
INV000065,FIR005579,O0018,Pending
INV000066,FIR005025,O0403,Open
INV000067,FIR005932,O0015,Closed
INV000068,FIR001909,O0122,Open
INV000069,FIR009233,O0159,Open
INV000070,FIR005176,O0388,Pending
INV000071,FIR003125,O0001,Closed
INV000072,FIR002816,O0217,Closed
INV000073,FIR005577,O0485,Closed
INV000074,FIR003094,O0472,Open
INV000075,FIR002525,O0436,Closed
INV000076,FIR005946,O0244,Pending
INV000077,FIR003452,O0382,Open
INV000078,FIR009601,O0193,Pending
INV000079,FIR009502,O0144,Pending
INV000080,FIR009511,O0145,Open
INV000081,FIR002509,O0081,Closed
INV000082,FIR006983,O0189,Closed
INV000083,FIR004864,O0368,Closed
INV000084,FIR000456,O0452,Closed
INV000085,FIR001614,O0322,Pending
INV000086,FIR008835,O0252,Pending
INV000087,FIR000672,O0417,Open
INV000088,FIR005284,O0082,Open
INV000089,FIR004988,O0045,Pending
INV000090,FIR009246,O0034,Closed
INV000091,FIR004413,O0480,Closed
INV000092,FIR000271,O0199,Closed
INV000093,FIR005005,O0314,Closed
INV000094,FIR004018,O0078,Closed
INV000095,FIR007697,O0067,Open
INV000096,FIR000934,O0348,Open
INV000097,FIR001947,O0105,Open
INV000098,FIR003091,O0362,Open
INV000099,FIR001443,O0356,Pending
INV000100,FIR005855,O0031,Open
INV000101,FIR002048,O0482,Pending
INV000102,FIR007458,O0080,Open
INV000103,FIR004446,O0223,Pending
INV000104,FIR002674,O0364,Pending
INV000105,FIR001134,O0272,Pending
INV000106,FIR001579,O0041,Open
INV000107,FIR008065,O0347,Closed
INV000108,FIR004553,O0059,Pending
INV000109,FIR005490,O0464,Closed
INV000110,FIR000512,O0110,Pending
INV000111,FIR004025,O0029,Pending
INV000112,FIR003358,O0150,Pending
INV000113,FIR000536,O0371,Open
INV000114,FIR009481,O0269,Open
INV000115,FIR009493,O0175,Pending
INV000116,FIR002513,O0062,Closed
INV000117,FIR007372,O0126,Pending
INV000118,FIR005505,O0342,Closed
INV000119,FIR007312,O0420,Open
INV000120,FIR005619,O0414,Open
INV000121,FIR001028,O0125,Pending
INV000122,FIR006083,O0228,Closed
INV000123,FIR006195,O0434,Closed
INV000124,FIR007872,O0048,Open
INV000125,FIR004583,O0033,Closed
INV000126,FIR002021,O0337,Closed
INV000127,FIR005864,O0292,Closed
INV000128,FIR006869,O0433,Pending
INV000129,FIR009853,O0034,Pending
INV000130,FIR009571,O0161,Open
INV000131,FIR000980,O0334,Open
INV000132,FIR008743,O0171,Pending
INV000133,FIR000435,O0143,Pending
INV000134,FIR008317,O0287,Pending
INV000135,FIR008467,O0266,Open
INV000136,FIR000531,O0013,Open
INV000137,FIR001839,O0336,Open
INV000138,FIR004405,O0077,Closed
INV000139,FIR009856,O0156,Closed
INV000140,FIR003258,O0363,Pending
INV000141,FIR008741,O0016,Closed
INV000142,FIR006068,O0224,Pending
INV000143,FIR007164,O0234,Open
INV000144,FIR005348,O0498,Closed
INV000145,FIR001152,O0475,Closed
INV000146,FIR001852,O0261,Pending
INV000147,FIR000186,O0152,Pending
INV000148,FIR009235,O0049,Closed
INV000149,FIR005409,O0102,Pending
INV000150,FIR006935,O0140,Open
INV000151,FIR001752,O0186,Pending
INV000152,FIR008096,O0429,Closed
INV000153,FIR005601,O0391,Closed
INV000154,FIR007396,O0214,Closed
INV000155,FIR009325,O0391,Open
INV000156,FIR001497,O0275,Closed
INV000157,FIR007443,O0282,Closed
INV000158,FIR006911,O0437,Pending
INV000159,FIR006973,O0157,Closed
INV000160,FIR001156,O0460,Pending
INV000161,FIR001234,O0173,Open
INV000162,FIR006877,O0446,Open
INV000163,FIR000776,O0264,Open
INV000164,FIR005364,O0275,Pending
INV000165,FIR008788,O0136,Pending
INV000166,FIR006429,O0487,Pending
INV000167,FIR000588,O0444,Closed
INV000168,FIR001049,O0093,Closed
INV000169,FIR009440,O0364,Closed
INV000170,FIR001664,O0280,Open
INV000171,FIR009755,O0103,Closed
INV000172,FIR007902,O0207,Open
INV000173,FIR001966,O0436,Open
INV000174,FIR007612,O0176,Pending
INV000175,FIR004098,O0113,Closed
INV000176,FIR004060,O0383,Pending
INV000177,FIR009372,O0032,Pending
INV000178,FIR000343,O0417,Open
INV000179,FIR001035,O0119,Pending
INV000180,FIR009581,O0031,Open
INV000181,FIR001919,O0102,Pending
INV000182,FIR004733,O0301,Pending
INV000183,FIR006041,O0185,Open
INV000184,FIR002377,O0360,Closed
INV000185,FIR007475,O0352,Pending
INV000186,FIR005630,O0112,Pending
INV000187,FIR009978,O0388,Pending
INV000188,FIR008072,O0016,Pending
INV000189,FIR007082,O0355,Pending
INV000190,FIR004534,O0411,Closed
INV000191,FIR004650,O0284,Open
INV000192,FIR006621,O0221,Closed
INV000193,FIR003026,O0165,Pending
INV000194,FIR007790,O0470,Closed
INV000195,FIR007781,O0238,Pending
INV000196,FIR006721,O0092,Closed
INV000197,FIR007958,O0188,Closed
INV000198,FIR000558,O0259,Open
INV000199,FIR001934,O0446,Closed
INV000200,FIR001333,O0471,Open
INV000201,FIR002982,O0324,Open
INV000202,FIR005113,O0352,Pending
INV000203,FIR004863,O0129,Pending
INV000204,FIR006081,O0273,Pending
INV000205,FIR007529,O0123,Pending
INV000206,FIR005671,O0112,Open
INV000207,FIR009071,O0338,Open
INV000208,FIR003904,O0398,Open
INV000209,FIR007532,O0198,Closed
INV000210,FIR009500,O0241,Closed
INV000211,FIR002893,O0243,Pending
INV000212,FIR003157,O0482,Closed
INV000213,FIR009200,O0092,Pending
INV000214,FIR006016,O0012,Open
INV000215,FIR008501,O0247,Pending
INV000216,FIR006761,O0226,Closed
INV000217,FIR005159,O0089,Closed
INV000218,FIR001079,O0342,Open
INV000219,FIR009694,O0251,Open
INV000220,FIR003188,O0318,Closed
INV000221,FIR002652,O0438,Pending
INV000222,FIR000493,O0266,Pending
INV000223,FIR005989,O0219,Closed
INV000224,FIR008716,O0279,Open
INV000225,FIR008194,O0095,Closed
INV000226,FIR003519,O0450,Pending
INV000227,FIR003845,O0126,Open
INV000228,FIR004603,O0110,Pending
INV000229,FIR004079,O0031,Pending
INV000230,FIR005205,O0366,Closed
INV000231,FIR002752,O0066,Closed
INV000232,FIR008134,O0470,Closed
INV000233,FIR004275,O0481,Open
INV000234,FIR003723,O0098,Pending
INV000235,FIR007490,O0478,Pending
INV000236,FIR001956,O0015,Pending
INV000237,FIR001152,O0011,Open
INV000238,FIR008890,O0072,Closed
INV000239,FIR005408,O0253,Pending
INV000240,FIR007637,O0302,Closed
INV000241,FIR005411,O0325,Pending
INV000242,FIR006740,O0140,Open
INV000243,FIR007212,O0248,Closed
INV000244,FIR001215,O0203,Closed
INV000245,FIR001230,O0438,Open
INV000246,FIR002313,O0255,Open
INV000247,FIR004825,O0179,Closed
INV000248,FIR000218,O0100,Closed
INV000249,FIR002061,O0422,Open
INV000250,FIR004487,O0125,Pending
INV000251,FIR006280,O0058,Closed
INV000252,FIR006469,O0164,Pending
INV000253,FIR009184,O0037,Pending
INV000254,FIR005028,O0254,Closed
INV000255,FIR003388,O0047,Pending
INV000256,FIR003375,O0395,Closed
INV000257,FIR004190,O0149,Closed
INV000258,FIR003278,O0074,Pending
INV000259,FIR009087,O0450,Open
INV000260,FIR009332,O0216,Pending
INV000261,FIR006642,O0461,Open
INV000262,FIR000136,O0327,Closed
INV000263,FIR005459,O0309,Closed
INV000264,FIR003345,O0341,Open
INV000265,FIR001490,O0110,Open
INV000266,FIR009600,O0176,Closed
INV000267,FIR005194,O0357,Pending
INV000268,FIR003780,O0154,Pending
INV000269,FIR000035,O0124,Closed
INV000270,FIR009538,O0471,Closed
INV000271,FIR005149,O0219,Pending
INV000272,FIR005146,O0029,Pending
INV000273,FIR006119,O0413,Closed
INV000274,FIR003711,O0137,Pending
INV000275,FIR005549,O0193,Pending
INV000276,FIR009883,O0056,Closed
INV000277,FIR000630,O0246,Pending
INV000278,FIR000284,O0163,Open
INV000279,FIR006943,O0060,Open
INV000280,FIR000778,O0241,Pending
INV000281,FIR009951,O0221,Open
INV000282,FIR005823,O0242,Closed
INV000283,FIR000025,O0471,Open
INV000284,FIR008005,O0483,Closed
INV000285,FIR001883,O0495,Open
INV000286,FIR002868,O0191,Closed
INV000287,FIR009729,O0486,Open
INV000288,FIR003137,O0038,Open
INV000289,FIR000927,O0146,Pending
INV000290,FIR002923,O0025,Closed
INV000291,FIR002101,O0267,Pending
INV000292,FIR000047,O0092,Closed
INV000293,FIR008841,O0151,Pending
INV000294,FIR002343,O0087,Open
INV000295,FIR005753,O0192,Closed
INV000296,FIR003454,O0499,Open
INV000297,FIR002545,O0470,Open
INV000298,FIR001935,O0149,Pending
INV000299,FIR008987,O0049,Pending
INV000300,FIR008722,O0242,Open
INV000301,FIR009807,O0394,Pending
INV000302,FIR002444,O0059,Pending
INV000303,FIR002614,O0126,Closed
INV000304,FIR006658,O0084,Pending
INV000305,FIR001952,O0259,Pending
INV000306,FIR000556,O0401,Open
INV000307,FIR003697,O0039,Open
INV000308,FIR000795,O0374,Closed
INV000309,FIR009865,O0316,Open
INV000310,FIR002737,O0294,Closed
INV000311,FIR006603,O0409,Closed
INV000312,FIR007078,O0151,Pending
INV000313,FIR007083,O0009,Closed
INV000314,FIR000524,O0459,Pending
INV000315,FIR007822,O0242,Pending
INV000316,FIR007148,O0007,Open
INV000317,FIR006686,O0043,Closed
INV000318,FIR000978,O0152,Open
INV000319,FIR003102,O0091,Pending
INV000320,FIR002154,O0155,Pending
INV000321,FIR003813,O0335,Pending
INV000322,FIR009315,O0100,Pending
INV000323,FIR009182,O0352,Pending
INV000324,FIR002170,O0272,Pending
INV000325,FIR004765,O0375,Pending
INV000326,FIR001708,O0363,Pending
INV000327,FIR008385,O0373,Closed
INV000328,FIR008100,O0078,Open
INV000329,FIR003367,O0186,Open
INV000330,FIR005448,O0084,Pending
INV000331,FIR002798,O0244,Pending
INV000332,FIR001724,O0245,Pending
INV000333,FIR008226,O0473,Closed
INV000334,FIR005199,O0104,Pending
INV000335,FIR005803,O0122,Open
INV000336,FIR004190,O0069,Pending
INV000337,FIR003881,O0491,Pending
INV000338,FIR006074,O0088,Pending
INV000339,FIR008787,O0075,Open
INV000340,FIR004888,O0464,Open
INV000341,FIR009047,O0432,Pending
INV000342,FIR005737,O0195,Pending
INV000343,FIR003544,O0098,Closed
INV000344,FIR001234,O0098,Open
INV000345,FIR001580,O0244,Open
INV000346,FIR007345,O0466,Closed
INV000347,FIR000904,O0362,Closed
INV000348,FIR009232,O0063,Closed
INV000349,FIR009068,O0358,Open
INV000350,FIR003508,O0475,Open
INV000351,FIR004888,O0119,Pending
INV000352,FIR009863,O0331,Closed
INV000353,FIR009461,O0377,Pending
INV000354,FIR008889,O0132,Open
INV000355,FIR001805,O0265,Pending
INV000356,FIR008982,O0183,Closed
INV000357,FIR006636,O0041,Pending
INV000358,FIR004499,O0120,Open
INV000359,FIR003555,O0233,Pending
INV000360,FIR002664,O0346,Pending
INV000361,FIR005321,O0039,Pending
INV000362,FIR007327,O0004,Closed
INV000363,FIR001628,O0097,Open
INV000364,FIR004314,O0249,Closed
INV000365,FIR000234,O0094,Open
INV000366,FIR003989,O0314,Closed
INV000367,FIR005930,O0373,Pending
INV000368,FIR002200,O0429,Open
INV000369,FIR000843,O0444,Open
INV000370,FIR002680,O0204,Open
INV000371,FIR006491,O0152,Pending
INV000372,FIR000421,O0181,Pending
INV000373,FIR004994,O0198,Open
INV000374,FIR003058,O0367,Pending
INV000375,FIR007772,O0238,Pending
INV000376,FIR006496,O0439,Pending
INV000377,FIR008275,O0157,Pending
INV000378,FIR000035,O0191,Open
INV000379,FIR006286,O0414,Open
INV000380,FIR008951,O0140,Pending
INV000381,FIR003184,O0249,Pending
INV000382,FIR009229,O0026,Open
INV000383,FIR002683,O0101,Closed
INV000384,FIR008017,O0056,Pending
INV000385,FIR008324,O0492,Closed
INV000386,FIR005812,O0083,Closed
INV000387,FIR002915,O0393,Pending
INV000388,FIR003656,O0207,Pending
INV000389,FIR003487,O0361,Closed
INV000390,FIR009891,O0064,Open
INV000391,FIR004017,O0245,Closed
INV000392,FIR009207,O0496,Open
INV000393,FIR002952,O0484,Closed
INV000394,FIR008494,O0111,Open
INV000395,FIR008504,O0297,Pending
INV000396,FIR004842,O0315,Pending
INV000397,FIR002879,O0421,Closed
INV000398,FIR006794,O0307,Pending
INV000399,FIR007635,O0076,Pending
INV000400,FIR001711,O0500,Open
INV000401,FIR005708,O0403,Closed
INV000402,FIR002096,O0404,Closed
INV000403,FIR003598,O0485,Open
INV000404,FIR007645,O0023,Closed
INV000405,FIR005172,O0186,Closed
INV000406,FIR009280,O0287,Open
INV000407,FIR009411,O0018,Open
INV000408,FIR004493,O0247,Closed
INV000409,FIR003139,O0121,Open
INV000410,FIR000018,O0433,Closed
INV000411,FIR009300,O0196,Pending
INV000412,FIR006266,O0259,Closed
INV000413,FIR003792,O0255,Closed
INV000414,FIR004140,O0334,Closed
INV000415,FIR004350,O0298,Pending
INV000416,FIR008545,O0325,Closed
INV000417,FIR008334,O0102,Pending
INV000418,FIR003946,O0401,Pending
INV000419,FIR002341,O0080,Closed
INV000420,FIR008213,O0348,Open
INV000421,FIR004269,O0351,Closed
INV000422,FIR002670,O0472,Open
INV000423,FIR008571,O0051,Open
INV000424,FIR000519,O0348,Closed
INV000425,FIR002182,O0391,Open
INV000426,FIR002977,O0213,Pending
INV000427,FIR004251,O0110,Closed
INV000428,FIR004039,O0459,Closed
INV000429,FIR000422,O0143,Closed
INV000430,FIR000369,O0187,Pending
INV000431,FIR008325,O0103,Open
INV000432,FIR002656,O0075,Open
INV000433,FIR000646,O0410,Open
INV000434,FIR005272,O0172,Open
INV000435,FIR004268,O0401,Closed
INV000436,FIR004193,O0418,Pending
INV000437,FIR005793,O0324,Closed
INV000438,FIR003755,O0352,Closed
INV000439,FIR000595,O0043,Closed
INV000440,FIR002948,O0324,Pending
INV000441,FIR000639,O0344,Pending
INV000442,FIR001488,O0285,Open
INV000443,FIR003012,O0196,Open
INV000444,FIR006013,O0149,Pending
INV000445,FIR004563,O0296,Open
INV000446,FIR001853,O0326,Pending
INV000447,FIR000641,O0312,Open
INV000448,FIR002551,O0147,Pending
INV000449,FIR001568,O0328,Open
INV000450,FIR003602,O0274,Pending
INV000451,FIR000217,O0209,Open
INV000452,FIR009557,O0215,Closed
INV000453,FIR009843,O0106,Closed
INV000454,FIR001051,O0378,Open
INV000455,FIR008405,O0076,Open
INV000456,FIR004863,O0071,Open
INV000457,FIR008912,O0487,Closed
INV000458,FIR006915,O0285,Pending
INV000459,FIR006929,O0302,Pending
INV000460,FIR008962,O0159,Closed
INV000461,FIR002409,O0460,Open
INV000462,FIR006478,O0370,Open
INV000463,FIR007444,O0316,Pending
INV000464,FIR003982,O0401,Open
INV000465,FIR009703,O0140,Closed
INV000466,FIR005779,O0387,Closed
INV000467,FIR001654,O0260,Open
INV000468,FIR006098,O0438,Pending
INV000469,FIR002497,O0154,Closed
INV000470,FIR003783,O0033,Open
INV000471,FIR006169,O0078,Open
INV000472,FIR006445,O0065,Closed
INV000473,FIR001035,O0121,Open
INV000474,FIR008424,O0206,Pending
INV000475,FIR002190,O0030,Open
INV000476,FIR000296,O0160,Closed
INV000477,FIR002319,O0422,Closed
INV000478,FIR003595,O0119,Closed
INV000479,FIR001679,O0226,Pending
INV000480,FIR008322,O0027,Closed
INV000481,FIR003800,O0037,Open
INV000482,FIR001181,O0254,Open
INV000483,FIR009333,O0151,Pending
INV000484,FIR001003,O0221,Open
INV000485,FIR008943,O0422,Closed
INV000486,FIR009176,O0250,Open
INV000487,FIR009623,O0124,Open
INV000488,FIR008280,O0182,Closed
INV000489,FIR007792,O0436,Open
INV000490,FIR003677,O0317,Open
INV000491,FIR001095,O0162,Open
INV000492,FIR003796,O0425,Pending
INV000493,FIR001853,O0365,Closed
INV000494,FIR007682,O0181,Closed
INV000495,FIR009800,O0133,Closed
INV000496,FIR003461,O0225,Open
INV000497,FIR006656,O0396,Pending
INV000498,FIR001054,O0352,Closed
INV000499,FIR006779,O0314,Closed
INV000500,FIR005586,O0243,Closed
INV000501,FIR006052,O0191,Open
INV000502,FIR009551,O0013,Pending
INV000503,FIR009701,O0278,Open
INV000504,FIR002555,O0167,Open
INV000505,FIR008127,O0353,Pending
INV000506,FIR004740,O0045,Pending
INV000507,FIR004167,O0082,Closed
INV000508,FIR009962,O0368,Closed
INV000509,FIR004872,O0325,Pending
INV000510,FIR004498,O0379,Closed
INV000511,FIR009703,O0287,Pending
INV000512,FIR002587,O0205,Open
INV000513,FIR008574,O0213,Pending
INV000514,FIR003224,O0344,Closed
INV000515,FIR008125,O0270,Closed
INV000516,FIR003746,O0205,Pending
INV000517,FIR007708,O0453,Pending
INV000518,FIR001354,O0359,Open
INV000519,FIR000015,O0040,Closed
INV000520,FIR001659,O0477,Pending
INV000521,FIR002168,O0179,Closed
INV000522,FIR008497,O0155,Closed
INV000523,FIR002794,O0015,Pending
INV000524,FIR004146,O0347,Closed
INV000525,FIR000472,O0167,Closed
INV000526,FIR008179,O0177,Open
INV000527,FIR007418,O0011,Pending
INV000528,FIR007211,O0020,Open
INV000529,FIR001502,O0103,Pending
INV000530,FIR007662,O0142,Closed
INV000531,FIR002371,O0318,Closed
INV000532,FIR001817,O0076,Open
INV000533,FIR004008,O0394,Open
INV000534,FIR002614,O0122,Pending
INV000535,FIR005277,O0065,Open
INV000536,FIR006131,O0072,Pending
INV000537,FIR007936,O0232,Pending
INV000538,FIR001931,O0459,Pending
INV000539,FIR001725,O0347,Pending
INV000540,FIR002104,O0012,Pending
INV000541,FIR009355,O0476,Pending
INV000542,FIR005198,O0330,Closed
INV000543,FIR005102,O0008,Pending
INV000544,FIR007249,O0232,Pending
INV000545,FIR004465,O0043,Closed
INV000546,FIR003039,O0308,Closed
INV000547,FIR001839,O0187,Closed
INV000548,FIR004634,O0227,Open
INV000549,FIR002373,O0449,Open
INV000550,FIR001030,O0331,Closed
INV000551,FIR003645,O0063,Pending
INV000552,FIR001854,O0217,Open
INV000553,FIR002869,O0255,Pending
INV000554,FIR000253,O0236,Closed
INV000555,FIR004433,O0283,Pending
INV000556,FIR008217,O0305,Closed
INV000557,FIR005266,O0220,Open
INV000558,FIR009961,O0369,Closed
INV000559,FIR006011,O0424,Open
INV000560,FIR009873,O0432,Pending
INV000561,FIR001497,O0490,Closed
INV000562,FIR009480,O0025,Pending
INV000563,FIR001910,O0318,Open
INV000564,FIR006435,O0077,Open
INV000565,FIR004870,O0457,Open
INV000566,FIR008967,O0301,Pending
INV000567,FIR008438,O0078,Open
INV000568,FIR002858,O0096,Pending
INV000569,FIR003695,O0096,Open
INV000570,FIR009279,O0087,Closed
INV000571,FIR006169,O0176,Open
INV000572,FIR007752,O0133,Closed
INV000573,FIR004114,O0246,Open
INV000574,FIR004439,O0387,Closed
INV000575,FIR009074,O0147,Open
INV000576,FIR005477,O0072,Open
INV000577,FIR006741,O0426,Closed
INV000578,FIR000990,O0100,Closed
INV000579,FIR007576,O0079,Open
INV000580,FIR000209,O0035,Open
INV000581,FIR002013,O0378,Closed
INV000582,FIR002092,O0355,Closed
INV000583,FIR001669,O0433,Open
INV000584,FIR000620,O0384,Pending
INV000585,FIR007676,O0459,Closed
INV000586,FIR008604,O0100,Closed
INV000587,FIR002403,O0054,Open
INV000588,FIR007968,O0062,Open
INV000589,FIR003863,O0480,Open
INV000590,FIR005104,O0322,Open
INV000591,FIR004607,O0474,Closed
INV000592,FIR005338,O0397,Pending
INV000593,FIR007980,O0426,Pending
INV000594,FIR003169,O0105,Closed
INV000595,FIR008481,O0088,Open
INV000596,FIR002812,O0096,Open
INV000597,FIR007331,O0157,Pending
INV000598,FIR001438,O0079,Open
INV000599,FIR002313,O0210,Closed
INV000600,FIR009971,O0198,Pending
INV000601,FIR000159,O0487,Pending
INV000602,FIR007308,O0249,Pending
INV000603,FIR002399,O0216,Closed
INV000604,FIR003143,O0021,Open
INV000605,FIR007226,O0130,Closed
INV000606,FIR008113,O0051,Closed
INV000607,FIR001665,O0213,Pending
INV000608,FIR002807,O0246,Open
INV000609,FIR007873,O0147,Pending
INV000610,FIR005840,O0177,Open
INV000611,FIR001269,O0143,Closed
INV000612,FIR006253,O0201,Pending
INV000613,FIR001196,O0141,Pending
INV000614,FIR007357,O0361,Closed
INV000615,FIR002293,O0405,Closed
INV000616,FIR001238,O0340,Pending
INV000617,FIR000310,O0449,Pending
INV000618,FIR000020,O0225,Pending
INV000619,FIR005626,O0364,Pending
INV000620,FIR005573,O0432,Open
INV000621,FIR006949,O0435,Open
INV000622,FIR007641,O0365,Pending
INV000623,FIR007847,O0184,Pending
INV000624,FIR002388,O0322,Closed
INV000625,FIR007929,O0226,Pending
INV000626,FIR006795,O0358,Pending
INV000627,FIR009631,O0267,Closed
INV000628,FIR002706,O0045,Open
INV000629,FIR008243,O0380,Pending
INV000630,FIR009824,O0475,Pending
INV000631,FIR007105,O0482,Open
INV000632,FIR007441,O0389,Pending
INV000633,FIR001509,O0138,Open
INV000634,FIR007260,O0449,Pending
INV000635,FIR007382,O0207,Open
INV000636,FIR000663,O0133,Pending
INV000637,FIR009161,O0289,Pending
INV000638,FIR003992,O0071,Pending
INV000639,FIR005129,O0139,Open
INV000640,FIR004325,O0031,Closed
INV000641,FIR008056,O0459,Open
INV000642,FIR009445,O0347,Closed
INV000643,FIR007289,O0340,Open
INV000644,FIR005298,O0209,Closed
INV000645,FIR001708,O0208,Open
INV000646,FIR004632,O0258,Closed
INV000647,FIR001057,O0026,Pending
INV000648,FIR003744,O0491,Closed
INV000649,FIR006477,O0211,Closed
INV000650,FIR005158,O0386,Closed
INV000651,FIR002082,O0084,Closed
INV000652,FIR006654,O0419,Pending
INV000653,FIR000348,O0044,Open
INV000654,FIR008542,O0331,Open
INV000655,FIR004796,O0003,Pending
INV000656,FIR004559,O0396,Open
INV000657,FIR002050,O0174,Open
INV000658,FIR005628,O0453,Open
INV000659,FIR009750,O0117,Closed
INV000660,FIR003712,O0369,Open
INV000661,FIR002749,O0346,Pending
INV000662,FIR008465,O0192,Pending
INV000663,FIR009565,O0255,Pending
INV000664,FIR002223,O0024,Pending
INV000665,FIR004500,O0021,Pending
INV000666,FIR006602,O0210,Open
INV000667,FIR004726,O0005,Open
INV000668,FIR007672,O0026,Closed
INV000669,FIR001513,O0469,Open
INV000670,FIR002828,O0271,Open
INV000671,FIR001295,O0231,Pending
INV000672,FIR007565,O0388,Open
INV000673,FIR004096,O0238,Closed
INV000674,FIR006590,O0240,Pending
INV000675,FIR008145,O0470,Closed
INV000676,FIR001326,O0438,Open
INV000677,FIR005403,O0409,Open
INV000678,FIR007269,O0304,Closed
INV000679,FIR002127,O0185,Pending
INV000680,FIR002714,O0210,Pending
INV000681,FIR006559,O0129,Closed
INV000682,FIR003007,O0109,Closed
INV000683,FIR006530,O0385,Open
INV000684,FIR003064,O0156,Closed
INV000685,FIR004970,O0015,Closed
INV000686,FIR003453,O0248,Pending
INV000687,FIR001208,O0400,Closed
INV000688,FIR004906,O0460,Pending
INV000689,FIR002735,O0384,Closed
INV000690,FIR000941,O0172,Open
INV000691,FIR004833,O0241,Closed
INV000692,FIR008984,O0267,Open
INV000693,FIR007891,O0053,Closed
INV000694,FIR006960,O0057,Closed
INV000695,FIR001920,O0198,Open
INV000696,FIR006961,O0116,Closed
INV000697,FIR009438,O0044,Pending
INV000698,FIR006828,O0068,Closed
INV000699,FIR001066,O0181,Open
INV000700,FIR004804,O0073,Pending
INV000701,FIR001036,O0041,Closed
INV000702,FIR000686,O0136,Pending
INV000703,FIR008817,O0367,Pending
INV000704,FIR005442,O0241,Pending
INV000705,FIR006938,O0492,Closed
INV000706,FIR008840,O0116,Pending
INV000707,FIR005311,O0109,Open
INV000708,FIR003612,O0402,Closed
INV000709,FIR009124,O0435,Pending
INV000710,FIR008680,O0106,Pending
INV000711,FIR006080,O0359,Closed
INV000712,FIR004893,O0116,Open
INV000713,FIR005957,O0325,Open
INV000714,FIR005440,O0243,Open
INV000715,FIR009487,O0126,Pending
INV000716,FIR008807,O0304,Open
INV000717,FIR002371,O0292,Pending
INV000718,FIR001378,O0400,Open
INV000719,FIR002974,O0472,Open
INV000720,FIR000030,O0224,Open
INV000721,FIR006685,O0112,Closed
INV000722,FIR006932,O0059,Closed
INV000723,FIR002901,O0089,Open
INV000724,FIR001352,O0243,Pending
INV000725,FIR009785,O0420,Open
INV000726,FIR009198,O0138,Pending
INV000727,FIR005577,O0346,Closed
INV000728,FIR009374,O0419,Open
INV000729,FIR007985,O0250,Open
INV000730,FIR008248,O0455,Open
INV000731,FIR007165,O0191,Open
INV000732,FIR005383,O0059,Pending
INV000733,FIR008915,O0016,Closed
INV000734,FIR001072,O0163,Closed
INV000735,FIR001757,O0298,Pending
INV000736,FIR004611,O0014,Open
INV000737,FIR009074,O0080,Open
INV000738,FIR005274,O0270,Closed
INV000739,FIR007172,O0278,Pending
INV000740,FIR009666,O0016,Open
INV000741,FIR005727,O0345,Pending
INV000742,FIR007073,O0292,Closed
INV000743,FIR007471,O0479,Open
INV000744,FIR005338,O0054,Closed
INV000745,FIR002855,O0377,Pending
INV000746,FIR009475,O0075,Open
INV000747,FIR008466,O0178,Open
INV000748,FIR002534,O0424,Closed
INV000749,FIR000873,O0237,Pending
INV000750,FIR007669,O0170,Pending
INV000751,FIR003088,O0270,Closed
INV000752,FIR002690,O0277,Open
INV000753,FIR001532,O0074,Open
INV000754,FIR005745,O0176,Closed
INV000755,FIR003698,O0108,Open
INV000756,FIR000200,O0276,Closed
INV000757,FIR005186,O0274,Open
INV000758,FIR000368,O0285,Closed
INV000759,FIR000883,O0233,Closed
INV000760,FIR009035,O0030,Closed
INV000761,FIR006531,O0432,Pending
INV000762,FIR008278,O0462,Open
INV000763,FIR007278,O0077,Open
INV000764,FIR006358,O0475,Closed
INV000765,FIR006915,O0046,Open
INV000766,FIR005873,O0115,Open
INV000767,FIR001225,O0369,Pending
INV000768,FIR007963,O0099,Closed
INV000769,FIR007666,O0408,Closed
INV000770,FIR001554,O0427,Open
INV000771,FIR003616,O0155,Pending
INV000772,FIR006467,O0082,Pending
INV000773,FIR003843,O0458,Closed
INV000774,FIR003459,O0166,Pending
INV000775,FIR006434,O0345,Pending
INV000776,FIR000980,O0464,Pending
INV000777,FIR008704,O0393,Open
INV000778,FIR009356,O0090,Closed
INV000779,FIR009621,O0259,Open
INV000780,FIR002297,O0374,Open
INV000781,FIR000423,O0297,Open
INV000782,FIR005601,O0254,Pending
INV000783,FIR001172,O0289,Pending
INV000784,FIR005453,O0343,Pending
INV000785,FIR001743,O0327,Open
INV000786,FIR006276,O0028,Pending
INV000787,FIR007753,O0218,Pending
INV000788,FIR009964,O0058,Open
INV000789,FIR008341,O0026,Closed
INV000790,FIR001291,O0468,Open
INV000791,FIR002458,O0376,Open
INV000792,FIR001449,O0188,Open
INV000793,FIR004555,O0013,Closed
INV000794,FIR007396,O0321,Open
INV000795,FIR000349,O0112,Pending
INV000796,FIR005207,O0049,Open
INV000797,FIR000149,O0421,Open
INV000798,FIR000219,O0199,Open
INV000799,FIR001481,O0429,Closed
INV000800,FIR002887,O0412,Pending
INV000801,FIR003338,O0227,Closed
INV000802,FIR004517,O0472,Closed
INV000803,FIR001496,O0364,Pending
INV000804,FIR005577,O0136,Open
INV000805,FIR005513,O0442,Pending
INV000806,FIR004113,O0077,Open
INV000807,FIR007128,O0487,Pending
INV000808,FIR003606,O0030,Pending
INV000809,FIR007622,O0180,Open
INV000810,FIR006630,O0223,Open
INV000811,FIR006004,O0315,Open
INV000812,FIR006982,O0362,Pending
INV000813,FIR000237,O0363,Pending
INV000814,FIR006450,O0082,Closed
INV000815,FIR001549,O0383,Open
INV000816,FIR003337,O0037,Open
INV000817,FIR000678,O0391,Pending
INV000818,FIR009259,O0257,Open
INV000819,FIR008474,O0407,Pending
INV000820,FIR005080,O0497,Pending
INV000821,FIR002584,O0195,Closed
INV000822,FIR009059,O0213,Open
INV000823,FIR004733,O0462,Open
INV000824,FIR006614,O0222,Closed
INV000825,FIR000884,O0380,Closed
INV000826,FIR006081,O0463,Open
INV000827,FIR002377,O0351,Open
INV000828,FIR008665,O0351,Closed
INV000829,FIR007587,O0217,Open
INV000830,FIR005426,O0082,Pending
INV000831,FIR002210,O0434,Open
INV000832,FIR009899,O0297,Pending
INV000833,FIR001843,O0013,Pending
INV000834,FIR005341,O0042,Pending
INV000835,FIR003118,O0174,Pending
INV000836,FIR000139,O0426,Pending
INV000837,FIR007330,O0424,Pending
INV000838,FIR008504,O0051,Pending
INV000839,FIR006442,O0460,Pending
INV000840,FIR005617,O0046,Closed
INV000841,FIR005496,O0075,Closed
INV000842,FIR009828,O0420,Closed
INV000843,FIR005242,O0350,Pending
INV000844,FIR009390,O0406,Closed
INV000845,FIR003908,O0446,Open
INV000846,FIR004549,O0443,Closed
INV000847,FIR001313,O0311,Closed
INV000848,FIR003193,O0428,Closed
INV000849,FIR009924,O0042,Pending
INV000850,FIR003526,O0346,Pending
INV000851,FIR005273,O0052,Pending
INV000852,FIR003000,O0057,Open
INV000853,FIR007666,O0338,Closed
INV000854,FIR002578,O0488,Closed
INV000855,FIR005868,O0239,Pending
INV000856,FIR008083,O0481,Closed
INV000857,FIR007100,O0132,Open
INV000858,FIR006350,O0119,Open
INV000859,FIR009099,O0444,Pending
INV000860,FIR001308,O0441,Open
INV000861,FIR003161,O0412,Pending
INV000862,FIR008052,O0057,Open
INV000863,FIR007866,O0125,Pending
INV000864,FIR003790,O0308,Closed
INV000865,FIR004163,O0333,Closed
INV000866,FIR005369,O0300,Pending
INV000867,FIR007907,O0227,Pending
INV000868,FIR008233,O0047,Closed
INV000869,FIR009476,O0459,Open
INV000870,FIR000964,O0308,Closed
INV000871,FIR001920,O0172,Closed
INV000872,FIR007141,O0078,Pending
INV000873,FIR001330,O0147,Open
INV000874,FIR005030,O0317,Open
INV000875,FIR001530,O0180,Pending
INV000876,FIR007995,O0308,Pending
INV000877,FIR003318,O0138,Closed
INV000878,FIR005717,O0019,Closed
INV000879,FIR007752,O0252,Closed
INV000880,FIR005526,O0060,Closed
INV000881,FIR000609,O0063,Open
INV000882,FIR008914,O0445,Closed
INV000883,FIR008170,O0174,Open
INV000884,FIR006163,O0342,Pending
INV000885,FIR006298,O0039,Pending
INV000886,FIR006992,O0452,Pending
INV000887,FIR009189,O0216,Open
INV000888,FIR006851,O0282,Pending
INV000889,FIR001759,O0459,Closed
INV000890,FIR006952,O0039,Closed
INV000891,FIR008973,O0235,Closed
INV000892,FIR009178,O0024,Closed
INV000893,FIR005543,O0129,Open
INV000894,FIR000562,O0308,Closed
INV000895,FIR004676,O0233,Pending
INV000896,FIR006094,O0175,Open
INV000897,FIR007719,O0341,Closed
INV000898,FIR009482,O0123,Open
INV000899,FIR009027,O0217,Open
INV000900,FIR007177,O0088,Open
INV000901,FIR008711,O0080,Closed
INV000902,FIR000874,O0290,Pending
INV000903,FIR008018,O0397,Open
INV000904,FIR002605,O0392,Closed
INV000905,FIR006524,O0251,Pending
INV000906,FIR004030,O0464,Closed
INV000907,FIR009917,O0350,Pending
INV000908,FIR005757,O0359,Closed
INV000909,FIR006498,O0176,Open
INV000910,FIR006929,O0212,Closed
INV000911,FIR007761,O0021,Pending
INV000912,FIR008075,O0357,Open
INV000913,FIR004075,O0151,Pending
INV000914,FIR000241,O0338,Pending
INV000915,FIR005343,O0357,Open
INV000916,FIR002772,O0199,Closed
INV000917,FIR006074,O0327,Closed
INV000918,FIR002040,O0355,Open
INV000919,FIR003191,O0006,Pending
INV000920,FIR005084,O0319,Pending
INV000921,FIR006937,O0463,Pending
INV000922,FIR008138,O0265,Open
INV000923,FIR004451,O0361,Open
INV000924,FIR002520,O0124,Pending
INV000925,FIR003637,O0125,Open
INV000926,FIR006020,O0410,Closed
INV000927,FIR004428,O0470,Closed
INV000928,FIR002160,O0051,Pending
INV000929,FIR002267,O0245,Open
INV000930,FIR005914,O0391,Closed
INV000931,FIR002844,O0298,Open
INV000932,FIR004795,O0416,Closed
INV000933,FIR006421,O0375,Pending
INV000934,FIR009255,O0161,Open
INV000935,FIR009591,O0128,Open
INV000936,FIR001275,O0044,Closed
INV000937,FIR006495,O0089,Pending
INV000938,FIR008841,O0339,Open
INV000939,FIR005769,O0184,Closed
INV000940,FIR004370,O0396,Pending
INV000941,FIR004557,O0116,Open
INV000942,FIR009050,O0421,Pending
INV000943,FIR002946,O0154,Closed
INV000944,FIR007663,O0399,Pending
INV000945,FIR003704,O0231,Closed
INV000946,FIR001478,O0354,Open
INV000947,FIR007964,O0381,Pending
INV000948,FIR007310,O0182,Open
INV000949,FIR000675,O0055,Pending
INV000950,FIR005631,O0028,Closed
INV000951,FIR009093,O0189,Pending
INV000952,FIR008120,O0093,Pending
INV000953,FIR007129,O0363,Closed
INV000954,FIR006691,O0194,Open
INV000955,FIR003793,O0367,Closed
INV000956,FIR003145,O0323,Open
INV000957,FIR009520,O0322,Closed
INV000958,FIR004722,O0323,Open
INV000959,FIR005798,O0401,Pending
INV000960,FIR009915,O0255,Pending
INV000961,FIR008852,O0280,Open
INV000962,FIR008020,O0480,Closed
INV000963,FIR001840,O0009,Open
INV000964,FIR008738,O0248,Open
INV000965,FIR003783,O0089,Pending
INV000966,FIR002809,O0372,Pending
INV000967,FIR005437,O0342,Closed
INV000968,FIR001665,O0403,Closed
INV000969,FIR004218,O0195,Closed
INV000970,FIR007637,O0259,Pending
INV000971,FIR008587,O0297,Closed
INV000972,FIR001287,O0402,Open
INV000973,FIR006324,O0228,Open
INV000974,FIR004513,O0094,Closed
INV000975,FIR001920,O0339,Open
INV000976,FIR008651,O0383,Closed
INV000977,FIR002762,O0450,Pending
INV000978,FIR009420,O0213,Closed
INV000979,FIR000138,O0178,Open
INV000980,FIR007228,O0013,Pending
INV000981,FIR001090,O0202,Pending
INV000982,FIR008951,O0173,Closed
INV000983,FIR008537,O0347,Pending
INV000984,FIR000984,O0099,Pending
INV000985,FIR008620,O0443,Closed
INV000986,FIR000159,O0498,Pending
INV000987,FIR002720,O0440,Closed
INV000988,FIR005880,O0278,Open
INV000989,FIR009987,O0435,Closed
INV000990,FIR002717,O0253,Pending
INV000991,FIR003975,O0380,Open
INV000992,FIR007433,O0043,Open
INV000993,FIR007266,O0222,Closed
INV000994,FIR002646,O0346,Pending
INV000995,FIR003592,O0093,Open
INV000996,FIR007056,O0338,Open
INV000997,FIR007011,O0421,Open
INV000998,FIR008603,O0325,Pending
INV000999,FIR009105,O0427,Closed
INV001000,FIR004021,O0233,Closed
INV001001,FIR003733,O0280,Pending
INV001002,FIR009686,O0466,Pending
INV001003,FIR005064,O0082,Pending
INV001004,FIR003782,O0232,Closed
INV001005,FIR003870,O0075,Closed
INV001006,FIR005778,O0429,Pending
INV001007,FIR006834,O0295,Open
INV001008,FIR004282,O0440,Open
INV001009,FIR006132,O0373,Closed
INV001010,FIR006638,O0103,Closed
INV001011,FIR007785,O0217,Pending
INV001012,FIR003866,O0039,Closed
INV001013,FIR008801,O0345,Open
INV001014,FIR000256,O0266,Closed
INV001015,FIR007115,O0433,Pending
INV001016,FIR008800,O0439,Pending
INV001017,FIR003752,O0103,Open
INV001018,FIR000989,O0266,Open
INV001019,FIR006631,O0484,Open
INV001020,FIR005877,O0091,Pending
INV001021,FIR002054,O0459,Closed
INV001022,FIR005439,O0041,Open
INV001023,FIR003710,O0061,Open
INV001024,FIR001090,O0484,Pending
INV001025,FIR009705,O0141,Pending
INV001026,FIR001188,O0116,Closed
INV001027,FIR009163,O0234,Open
INV001028,FIR005366,O0444,Pending
INV001029,FIR001781,O0023,Closed
INV001030,FIR008081,O0151,Closed
INV001031,FIR007137,O0190,Pending
INV001032,FIR005737,O0234,Pending
INV001033,FIR000946,O0439,Pending
INV001034,FIR007963,O0371,Open
INV001035,FIR007157,O0149,Open
INV001036,FIR008516,O0237,Closed
INV001037,FIR009342,O0342,Pending
INV001038,FIR006579,O0218,Pending
INV001039,FIR001235,O0442,Pending
INV001040,FIR005779,O0114,Closed
INV001041,FIR005859,O0309,Pending
INV001042,FIR000132,O0055,Open
INV001043,FIR006400,O0162,Pending
INV001044,FIR003726,O0185,Open
INV001045,FIR001794,O0046,Open
INV001046,FIR007010,O0017,Open
INV001047,FIR006237,O0042,Pending
INV001048,FIR003647,O0038,Closed
INV001049,FIR009400,O0427,Closed
INV001050,FIR008691,O0291,Open
INV001051,FIR001035,O0500,Pending
INV001052,FIR007066,O0294,Pending
INV001053,FIR007099,O0243,Pending
INV001054,FIR005615,O0498,Closed
INV001055,FIR009827,O0378,Pending
INV001056,FIR004801,O0099,Pending
INV001057,FIR004679,O0309,Closed
INV001058,FIR008456,O0498,Open
INV001059,FIR001222,O0161,Closed
INV001060,FIR006855,O0028,Pending
INV001061,FIR000620,O0427,Open
INV001062,FIR005203,O0156,Pending
INV001063,FIR007170,O0023,Open
INV001064,FIR004563,O0086,Pending
INV001065,FIR000973,O0398,Closed
INV001066,FIR008686,O0312,Closed
INV001067,FIR003544,O0127,Closed
INV001068,FIR001081,O0455,Open
INV001069,FIR009157,O0200,Closed
INV001070,FIR006676,O0223,Open
INV001071,FIR007798,O0017,Pending
INV001072,FIR006111,O0449,Pending
INV001073,FIR007616,O0207,Closed
INV001074,FIR009635,O0413,Pending
INV001075,FIR001832,O0099,Pending
INV001076,FIR001727,O0315,Open
INV001077,FIR008422,O0025,Open
INV001078,FIR000752,O0278,Pending
INV001079,FIR002086,O0417,Closed
INV001080,FIR009660,O0361,Closed
INV001081,FIR004597,O0393,Closed
INV001082,FIR000530,O0245,Open
INV001083,FIR008363,O0024,Pending
INV001084,FIR000942,O0009,Closed
INV001085,FIR002250,O0121,Open
INV001086,FIR008262,O0420,Open
INV001087,FIR000420,O0115,Pending
INV001088,FIR003833,O0256,Closed
INV001089,FIR002636,O0317,Open
INV001090,FIR003528,O0489,Closed
INV001091,FIR005728,O0483,Closed
INV001092,FIR005476,O0475,Pending
INV001093,FIR000733,O0178,Closed
INV001094,FIR005624,O0231,Pending
INV001095,FIR005591,O0021,Open
INV001096,FIR001578,O0098,Closed
INV001097,FIR001674,O0074,Pending
INV001098,FIR002505,O0040,Closed
INV001099,FIR001910,O0068,Pending
INV001100,FIR003334,O0312,Open
INV001101,FIR004831,O0237,Pending
INV001102,FIR003528,O0385,Open
INV001103,FIR006741,O0088,Open
INV001104,FIR006160,O0049,Open
INV001105,FIR009568,O0104,Pending
INV001106,FIR000922,O0219,Pending
INV001107,FIR005940,O0018,Closed
INV001108,FIR005502,O0083,Closed
INV001109,FIR003736,O0399,Open
INV001110,FIR002623,O0344,Closed
INV001111,FIR000621,O0379,Pending
INV001112,FIR006755,O0460,Closed
INV001113,FIR009394,O0286,Open
INV001114,FIR007102,O0277,Closed
INV001115,FIR009461,O0094,Pending
INV001116,FIR008083,O0105,Pending
INV001117,FIR005111,O0027,Pending
INV001118,FIR005199,O0217,Closed
INV001119,FIR009741,O0346,Pending
INV001120,FIR006581,O0287,Closed
INV001121,FIR004662,O0341,Pending
INV001122,FIR006456,O0208,Pending
INV001123,FIR005694,O0284,Closed
INV001124,FIR001068,O0112,Closed
INV001125,FIR005071,O0294,Closed
INV001126,FIR007732,O0193,Pending
INV001127,FIR000059,O0275,Pending
INV001128,FIR009463,O0202,Open
INV001129,FIR008132,O0069,Closed
INV001130,FIR007504,O0398,Closed
INV001131,FIR007110,O0307,Closed
INV001132,FIR006374,O0434,Open
INV001133,FIR001719,O0347,Open
INV001134,FIR005287,O0227,Closed
INV001135,FIR000054,O0217,Pending
INV001136,FIR008043,O0389,Closed
INV001137,FIR005619,O0448,Pending
INV001138,FIR003232,O0042,Open
INV001139,FIR001517,O0278,Closed
INV001140,FIR009165,O0063,Open
INV001141,FIR006873,O0488,Closed
INV001142,FIR008505,O0047,Closed
INV001143,FIR002688,O0061,Closed
INV001144,FIR004700,O0472,Pending
INV001145,FIR009384,O0116,Closed
INV001146,FIR007625,O0109,Closed
INV001147,FIR003037,O0385,Closed
INV001148,FIR006237,O0153,Open
INV001149,FIR008479,O0344,Pending
INV001150,FIR001719,O0160,Closed
INV001151,FIR000338,O0049,Closed
INV001152,FIR003737,O0080,Closed
INV001153,FIR007906,O0245,Pending
INV001154,FIR006528,O0477,Pending
INV001155,FIR000830,O0108,Closed
INV001156,FIR009417,O0478,Open
INV001157,FIR004524,O0296,Closed
INV001158,FIR004513,O0494,Closed
INV001159,FIR007387,O0132,Pending
INV001160,FIR002558,O0441,Open
INV001161,FIR008350,O0110,Open
INV001162,FIR001278,O0270,Pending
INV001163,FIR003425,O0354,Closed
INV001164,FIR008324,O0173,Pending
INV001165,FIR005309,O0022,Closed
INV001166,FIR003463,O0146,Open
INV001167,FIR001657,O0068,Open
INV001168,FIR002060,O0270,Pending
INV001169,FIR004754,O0187,Closed
INV001170,FIR005060,O0426,Closed
INV001171,FIR006759,O0322,Open
INV001172,FIR007416,O0441,Open
INV001173,FIR005594,O0318,Open
INV001174,FIR008871,O0402,Closed
INV001175,FIR005409,O0361,Pending
INV001176,FIR001395,O0223,Pending
INV001177,FIR006562,O0031,Closed
INV001178,FIR000129,O0198,Closed
INV001179,FIR005643,O0321,Pending
INV001180,FIR000375,O0243,Open
INV001181,FIR001402,O0420,Pending
INV001182,FIR002222,O0320,Open
INV001183,FIR006820,O0479,Closed
INV001184,FIR000375,O0175,Open
INV001185,FIR001006,O0352,Closed
INV001186,FIR002596,O0403,Pending
INV001187,FIR008451,O0122,Open
INV001188,FIR000752,O0299,Closed
INV001189,FIR001488,O0041,Pending
INV001190,FIR005621,O0466,Open
INV001191,FIR006290,O0469,Pending
INV001192,FIR003165,O0336,Pending
INV001193,FIR000745,O0169,Pending
INV001194,FIR002935,O0250,Pending
INV001195,FIR000547,O0117,Pending
INV001196,FIR005875,O0004,Pending
INV001197,FIR002720,O0449,Closed
INV001198,FIR002421,O0364,Pending
INV001199,FIR007163,O0372,Open
INV001200,FIR006150,O0037,Pending
INV001201,FIR008633,O0108,Pending
INV001202,FIR001272,O0438,Pending
INV001203,FIR006335,O0088,Closed
INV001204,FIR003165,O0251,Pending
INV001205,FIR002606,O0168,Closed
INV001206,FIR005413,O0146,Pending
INV001207,FIR004476,O0395,Closed
INV001208,FIR007198,O0379,Open
INV001209,FIR004707,O0432,Closed
INV001210,FIR004494,O0238,Closed
INV001211,FIR004325,O0181,Closed
INV001212,FIR004521,O0315,Pending
INV001213,FIR008958,O0150,Open
INV001214,FIR005194,O0308,Closed
INV001215,FIR008165,O0206,Open
INV001216,FIR007268,O0342,Open
INV001217,FIR000887,O0139,Open
INV001218,FIR009708,O0097,Closed
INV001219,FIR006134,O0441,Pending
INV001220,FIR002620,O0267,Closed
INV001221,FIR005241,O0410,Pending
INV001222,FIR000065,O0344,Closed
INV001223,FIR000952,O0261,Pending
INV001224,FIR003214,O0071,Pending
INV001225,FIR006932,O0432,Closed
INV001226,FIR007279,O0247,Closed
INV001227,FIR002453,O0004,Open
INV001228,FIR001952,O0007,Closed
INV001229,FIR006427,O0437,Open
INV001230,FIR005263,O0039,Pending
INV001231,FIR004913,O0060,Closed
INV001232,FIR007595,O0457,Open
INV001233,FIR005807,O0191,Closed
INV001234,FIR001395,O0131,Pending
INV001235,FIR003269,O0103,Pending
INV001236,FIR001777,O0314,Closed
INV001237,FIR000280,O0295,Pending
INV001238,FIR003994,O0343,Open
INV001239,FIR006043,O0233,Pending
INV001240,FIR003251,O0377,Pending
INV001241,FIR002410,O0032,Closed
INV001242,FIR003490,O0147,Pending
INV001243,FIR005440,O0433,Open
INV001244,FIR007609,O0277,Open
INV001245,FIR006807,O0289,Open
INV001246,FIR009923,O0309,Closed
INV001247,FIR006911,O0053,Closed
INV001248,FIR006882,O0271,Open
INV001249,FIR002806,O0085,Closed
INV001250,FIR007786,O0473,Pending
INV001251,FIR005420,O0409,Open
INV001252,FIR000483,O0290,Closed
INV001253,FIR004980,O0463,Pending
INV001254,FIR007512,O0158,Pending
INV001255,FIR003545,O0011,Pending
INV001256,FIR004482,O0111,Closed
INV001257,FIR006949,O0047,Pending
INV001258,FIR006203,O0213,Open
INV001259,FIR000949,O0111,Open
INV001260,FIR003883,O0091,Pending
INV001261,FIR005644,O0435,Open
INV001262,FIR004427,O0242,Pending
INV001263,FIR000034,O0009,Open
INV001264,FIR009939,O0283,Pending
INV001265,FIR007396,O0108,Open
INV001266,FIR009556,O0197,Pending
INV001267,FIR005300,O0373,Closed
INV001268,FIR004531,O0403,Open
INV001269,FIR004214,O0215,Closed
INV001270,FIR004988,O0375,Pending
INV001271,FIR005000,O0280,Closed
INV001272,FIR007492,O0078,Open
INV001273,FIR001072,O0254,Open
INV001274,FIR005060,O0497,Open
INV001275,FIR000897,O0441,Pending
INV001276,FIR006026,O0049,Pending
INV001277,FIR007449,O0160,Pending
INV001278,FIR008496,O0282,Pending
INV001279,FIR000759,O0376,Closed
INV001280,FIR001134,O0263,Closed
INV001281,FIR003103,O0461,Closed
INV001282,FIR007094,O0384,Open
INV001283,FIR006270,O0095,Open
INV001284,FIR003562,O0018,Closed
INV001285,FIR000684,O0240,Pending
INV001286,FIR000155,O0075,Closed
INV001287,FIR000204,O0464,Closed
INV001288,FIR009706,O0127,Closed
INV001289,FIR003665,O0368,Open
INV001290,FIR001099,O0021,Open
INV001291,FIR004716,O0203,Open
INV001292,FIR007716,O0495,Open
INV001293,FIR006841,O0195,Open
INV001294,FIR003449,O0180,Open
INV001295,FIR006328,O0243,Pending
INV001296,FIR001053,O0064,Open
INV001297,FIR008208,O0452,Pending
INV001298,FIR002208,O0357,Closed
INV001299,FIR001693,O0338,Open
INV001300,FIR006698,O0247,Open
INV001301,FIR006514,O0260,Open
INV001302,FIR008166,O0088,Open
INV001303,FIR001451,O0473,Pending
INV001304,FIR001511,O0068,Pending
INV001305,FIR009907,O0090,Pending
INV001306,FIR004327,O0196,Closed
INV001307,FIR009292,O0355,Closed
INV001308,FIR005320,O0353,Pending
INV001309,FIR004648,O0108,Pending
INV001310,FIR004537,O0026,Open
INV001311,FIR008898,O0250,Closed
INV001312,FIR004684,O0175,Open
INV001313,FIR009409,O0376,Open
INV001314,FIR005790,O0276,Pending
INV001315,FIR007226,O0149,Closed
INV001316,FIR000217,O0279,Open
INV001317,FIR001862,O0078,Open
INV001318,FIR005557,O0149,Closed
INV001319,FIR009361,O0194,Pending
INV001320,FIR006562,O0071,Open
INV001321,FIR007725,O0051,Open
INV001322,FIR007525,O0106,Open
INV001323,FIR007548,O0380,Open
INV001324,FIR005338,O0276,Open
INV001325,FIR001240,O0432,Open
INV001326,FIR005235,O0292,Open
INV001327,FIR004247,O0174,Closed
INV001328,FIR001980,O0268,Open
INV001329,FIR002487,O0073,Open
INV001330,FIR008335,O0496,Closed
INV001331,FIR008006,O0065,Pending
INV001332,FIR007340,O0216,Pending
INV001333,FIR001678,O0394,Open
INV001334,FIR005308,O0440,Pending
INV001335,FIR003618,O0388,Pending
INV001336,FIR000997,O0159,Open
INV001337,FIR000196,O0223,Pending
INV001338,FIR002252,O0056,Pending
INV001339,FIR008941,O0025,Pending
INV001340,FIR003121,O0362,Closed
INV001341,FIR000129,O0122,Closed
INV001342,FIR005629,O0180,Open
INV001343,FIR003743,O0060,Pending
INV001344,FIR001304,O0013,Open
INV001345,FIR008763,O0258,Open
INV001346,FIR007953,O0192,Pending
INV001347,FIR003839,O0183,Closed
INV001348,FIR001017,O0166,Open
INV001349,FIR002854,O0329,Closed
INV001350,FIR007146,O0265,Closed
INV001351,FIR009217,O0351,Pending
INV001352,FIR006739,O0034,Open
INV001353,FIR003249,O0309,Open
INV001354,FIR007562,O0084,Pending
INV001355,FIR009957,O0225,Pending
INV001356,FIR006656,O0161,Open
INV001357,FIR003180,O0250,Closed
INV001358,FIR008259,O0462,Pending
INV001359,FIR003146,O0361,Open
INV001360,FIR001717,O0129,Open
INV001361,FIR006499,O0243,Open
INV001362,FIR009878,O0172,Closed
INV001363,FIR001192,O0078,Pending
INV001364,FIR002619,O0304,Open
INV001365,FIR008243,O0017,Closed
INV001366,FIR003325,O0089,Open
INV001367,FIR000095,O0462,Pending
INV001368,FIR009751,O0171,Open
INV001369,FIR000397,O0382,Pending
INV001370,FIR008496,O0195,Pending
INV001371,FIR007796,O0098,Closed
INV001372,FIR006089,O0052,Pending
INV001373,FIR006814,O0235,Pending
INV001374,FIR002512,O0492,Open
INV001375,FIR007003,O0005,Pending
INV001376,FIR001031,O0374,Closed
INV001377,FIR001327,O0288,Closed
INV001378,FIR009992,O0305,Closed
INV001379,FIR006933,O0167,Closed
INV001380,FIR007045,O0223,Pending
INV001381,FIR003530,O0157,Pending
INV001382,FIR005048,O0477,Open
INV001383,FIR008771,O0257,Closed
INV001384,FIR007570,O0057,Pending
INV001385,FIR003268,O0088,Open
INV001386,FIR002212,O0080,Pending
INV001387,FIR005807,O0364,Closed
INV001388,FIR007143,O0009,Open
INV001389,FIR000153,O0368,Closed
INV001390,FIR005239,O0031,Pending
INV001391,FIR000932,O0069,Closed
INV001392,FIR001829,O0030,Pending
INV001393,FIR004414,O0328,Open
INV001394,FIR002564,O0486,Open
INV001395,FIR000516,O0364,Closed
INV001396,FIR002725,O0455,Closed
INV001397,FIR007632,O0430,Open
INV001398,FIR000452,O0453,Pending
INV001399,FIR008220,O0174,Closed
INV001400,FIR003389,O0074,Pending
INV001401,FIR007389,O0109,Closed
INV001402,FIR007616,O0246,Pending
INV001403,FIR003337,O0173,Open
INV001404,FIR001524,O0310,Closed
INV001405,FIR002541,O0378,Open
INV001406,FIR005190,O0472,Open
INV001407,FIR003978,O0306,Open
INV001408,FIR002461,O0156,Open
INV001409,FIR005627,O0395,Pending
INV001410,FIR003751,O0451,Closed
INV001411,FIR001131,O0322,Open
INV001412,FIR008709,O0424,Open
INV001413,FIR009884,O0193,Closed
INV001414,FIR002679,O0341,Closed
INV001415,FIR000983,O0405,Closed
INV001416,FIR003300,O0335,Pending
INV001417,FIR008781,O0488,Closed
INV001418,FIR007017,O0400,Open
INV001419,FIR001690,O0496,Closed
INV001420,FIR002092,O0249,Closed
INV001421,FIR008190,O0119,Pending
INV001422,FIR004252,O0450,Pending
INV001423,FIR001536,O0213,Closed
INV001424,FIR000939,O0022,Open
INV001425,FIR000059,O0015,Pending
INV001426,FIR000975,O0177,Open
INV001427,FIR008168,O0114,Closed
INV001428,FIR000919,O0010,Pending
INV001429,FIR009350,O0205,Pending
INV001430,FIR000609,O0146,Open
INV001431,FIR006272,O0128,Closed
INV001432,FIR005615,O0127,Open
INV001433,FIR002360,O0424,Closed
INV001434,FIR002191,O0231,Pending
INV001435,FIR006358,O0167,Pending
INV001436,FIR008583,O0398,Pending
INV001437,FIR004433,O0021,Pending
INV001438,FIR002574,O0377,Closed
INV001439,FIR006339,O0329,Closed
INV001440,FIR004459,O0496,Pending
INV001441,FIR003496,O0077,Pending
INV001442,FIR004831,O0280,Open
INV001443,FIR008717,O0186,Open
INV001444,FIR002254,O0121,Pending
INV001445,FIR007432,O0466,Closed
INV001446,FIR002676,O0360,Open
INV001447,FIR000781,O0363,Open
INV001448,FIR007366,O0291,Open
INV001449,FIR003214,O0185,Closed
INV001450,FIR005551,O0440,Pending
INV001451,FIR006549,O0053,Closed
INV001452,FIR003971,O0335,Pending
INV001453,FIR007605,O0424,Pending
INV001454,FIR008952,O0213,Closed
INV001455,FIR008533,O0028,Closed
INV001456,FIR007060,O0162,Open
INV001457,FIR007800,O0266,Pending
INV001458,FIR008622,O0370,Closed
INV001459,FIR001576,O0239,Pending
INV001460,FIR004033,O0233,Closed
INV001461,FIR004369,O0110,Closed
INV001462,FIR000816,O0059,Pending
INV001463,FIR007281,O0064,Closed
INV001464,FIR000355,O0335,Open
INV001465,FIR003192,O0245,Closed
INV001466,FIR009775,O0170,Closed
INV001467,FIR008649,O0084,Closed
INV001468,FIR004098,O0399,Closed
INV001469,FIR009425,O0420,Open
INV001470,FIR009152,O0425,Open
INV001471,FIR007581,O0315,Open
INV001472,FIR002831,O0249,Open
INV001473,FIR004491,O0344,Open
INV001474,FIR007355,O0384,Open
INV001475,FIR008306,O0499,Open
INV001476,FIR005243,O0021,Closed
INV001477,FIR001079,O0358,Closed
INV001478,FIR005089,O0419,Open
INV001479,FIR001167,O0320,Open
INV001480,FIR000922,O0174,Pending
INV001481,FIR007036,O0253,Closed
INV001482,FIR009456,O0054,Open
INV001483,FIR002097,O0004,Open
INV001484,FIR003352,O0280,Open
INV001485,FIR001415,O0206,Open
INV001486,FIR002520,O0071,Pending
INV001487,FIR001228,O0049,Closed
INV001488,FIR001455,O0286,Open
INV001489,FIR004386,O0228,Closed
INV001490,FIR009481,O0012,Pending
INV001491,FIR006817,O0009,Pending
INV001492,FIR003392,O0420,Open
INV001493,FIR000392,O0219,Closed
INV001494,FIR003435,O0269,Open
INV001495,FIR000565,O0279,Closed
INV001496,FIR002007,O0092,Open
INV001497,FIR000889,O0174,Pending
INV001498,FIR007016,O0479,Closed
INV001499,FIR008029,O0139,Open
INV001500,FIR009375,O0244,Open
INV001501,FIR002715,O0078,Open
INV001502,FIR005728,O0154,Open
INV001503,FIR000569,O0102,Pending
INV001504,FIR003219,O0121,Pending
INV001505,FIR000530,O0130,Open
INV001506,FIR002194,O0276,Closed
INV001507,FIR008170,O0325,Open
INV001508,FIR000033,O0203,Open
INV001509,FIR001659,O0432,Open
INV001510,FIR003406,O0175,Pending
INV001511,FIR006127,O0335,Pending
INV001512,FIR007333,O0085,Open
INV001513,FIR009420,O0311,Closed
INV001514,FIR007817,O0176,Open
INV001515,FIR006997,O0143,Open
INV001516,FIR007660,O0351,Closed
INV001517,FIR002486,O0075,Closed
INV001518,FIR004071,O0153,Open
INV001519,FIR004915,O0243,Closed
INV001520,FIR001728,O0331,Pending
INV001521,FIR002833,O0432,Closed
INV001522,FIR003330,O0226,Open
INV001523,FIR009571,O0141,Pending
INV001524,FIR004457,O0200,Closed
INV001525,FIR002897,O0416,Closed
INV001526,FIR007064,O0430,Closed
INV001527,FIR003406,O0473,Open
INV001528,FIR007458,O0483,Closed
INV001529,FIR005565,O0127,Open
INV001530,FIR002837,O0191,Open
INV001531,FIR008162,O0050,Pending
INV001532,FIR008955,O0111,Open
INV001533,FIR005136,O0246,Closed
INV001534,FIR003006,O0263,Closed
INV001535,FIR008958,O0060,Pending
INV001536,FIR005902,O0158,Open
INV001537,FIR004120,O0167,Pending
INV001538,FIR006772,O0484,Open
INV001539,FIR001448,O0290,Open
INV001540,FIR007844,O0335,Pending
INV001541,FIR009017,O0124,Open
INV001542,FIR008429,O0223,Open
INV001543,FIR000949,O0153,Pending
INV001544,FIR009643,O0461,Open
INV001545,FIR003833,O0074,Pending
INV001546,FIR009369,O0309,Open
INV001547,FIR009686,O0241,Pending
INV001548,FIR000663,O0148,Closed
INV001549,FIR004585,O0019,Closed
INV001550,FIR002318,O0197,Pending
INV001551,FIR005615,O0225,Closed
INV001552,FIR004399,O0065,Open
INV001553,FIR004478,O0382,Pending
INV001554,FIR000326,O0235,Open
INV001555,FIR007893,O0074,Pending
INV001556,FIR001650,O0191,Open
INV001557,FIR001411,O0465,Pending
INV001558,FIR008885,O0136,Open
INV001559,FIR006086,O0129,Open
INV001560,FIR008096,O0061,Open
INV001561,FIR004731,O0492,Open
INV001562,FIR005128,O0171,Open
INV001563,FIR000802,O0314,Open
INV001564,FIR007332,O0407,Closed
INV001565,FIR003483,O0387,Open
INV001566,FIR004693,O0481,Closed
INV001567,FIR001848,O0093,Pending
INV001568,FIR004625,O0125,Open
INV001569,FIR002470,O0289,Pending
INV001570,FIR003842,O0192,Pending
INV001571,FIR000371,O0460,Open
INV001572,FIR008075,O0157,Open
INV001573,FIR008295,O0346,Pending
INV001574,FIR007898,O0081,Closed
INV001575,FIR002953,O0023,Closed
INV001576,FIR003703,O0049,Closed
INV001577,FIR003729,O0215,Closed
INV001578,FIR009250,O0359,Pending
INV001579,FIR003029,O0111,Closed
INV001580,FIR004167,O0120,Open
INV001581,FIR008120,O0155,Open
INV001582,FIR000968,O0475,Closed
INV001583,FIR008976,O0146,Closed
INV001584,FIR001285,O0177,Pending
INV001585,FIR004705,O0014,Closed
INV001586,FIR002658,O0423,Closed
INV001587,FIR006824,O0256,Closed
INV001588,FIR009610,O0049,Open
INV001589,FIR002031,O0499,Open
INV001590,FIR004913,O0225,Open
INV001591,FIR004526,O0176,Pending
INV001592,FIR006475,O0358,Open
INV001593,FIR001081,O0302,Open
INV001594,FIR001580,O0100,Open
INV001595,FIR006967,O0456,Open
INV001596,FIR005642,O0349,Open
INV001597,FIR003604,O0338,Pending
INV001598,FIR001690,O0364,Closed
INV001599,FIR005978,O0165,Open
INV001600,FIR000284,O0157,Closed
INV001601,FIR006688,O0210,Pending
INV001602,FIR006766,O0337,Closed
INV001603,FIR005026,O0254,Open
INV001604,FIR007405,O0096,Closed
INV001605,FIR000240,O0073,Open
INV001606,FIR007022,O0238,Pending
INV001607,FIR008533,O0497,Closed
INV001608,FIR005070,O0086,Closed
INV001609,FIR001190,O0136,Pending
INV001610,FIR009977,O0208,Pending
INV001611,FIR001167,O0456,Open
INV001612,FIR004815,O0061,Open
INV001613,FIR003613,O0054,Closed
INV001614,FIR009912,O0377,Pending
INV001615,FIR007282,O0383,Closed
INV001616,FIR001761,O0157,Closed
INV001617,FIR008585,O0490,Pending
INV001618,FIR002012,O0154,Pending
INV001619,FIR008536,O0436,Pending
INV001620,FIR000435,O0172,Pending
INV001621,FIR004266,O0460,Closed
INV001622,FIR000388,O0198,Open
INV001623,FIR003029,O0400,Pending
INV001624,FIR004594,O0104,Pending
INV001625,FIR007253,O0299,Open
INV001626,FIR003042,O0141,Pending
INV001627,FIR008736,O0034,Pending
INV001628,FIR000658,O0289,Closed
INV001629,FIR009235,O0096,Pending
INV001630,FIR005452,O0048,Open
INV001631,FIR007631,O0293,Pending
INV001632,FIR006773,O0040,Closed
INV001633,FIR009423,O0495,Open
INV001634,FIR005847,O0409,Closed
INV001635,FIR005618,O0340,Open
INV001636,FIR006513,O0185,Open
INV001637,FIR007832,O0481,Pending
INV001638,FIR006274,O0430,Closed
INV001639,FIR004950,O0022,Open
INV001640,FIR008395,O0063,Pending
INV001641,FIR002772,O0237,Open
INV001642,FIR001459,O0054,Closed
INV001643,FIR004103,O0212,Open
INV001644,FIR006016,O0181,Pending
INV001645,FIR007068,O0097,Closed
INV001646,FIR004951,O0387,Closed
INV001647,FIR005762,O0249,Pending
INV001648,FIR009405,O0087,Closed
INV001649,FIR004146,O0403,Pending
INV001650,FIR003723,O0250,Pending
INV001651,FIR007682,O0271,Open
INV001652,FIR001421,O0296,Pending
INV001653,FIR006924,O0384,Open
INV001654,FIR007800,O0163,Pending
INV001655,FIR007725,O0430,Pending
INV001656,FIR004092,O0267,Open
INV001657,FIR005367,O0083,Closed
INV001658,FIR008212,O0232,Open
INV001659,FIR002524,O0322,Closed
INV001660,FIR000757,O0263,Open
INV001661,FIR008848,O0498,Closed
INV001662,FIR002051,O0185,Closed
INV001663,FIR006822,O0242,Pending
INV001664,FIR004422,O0252,Open
INV001665,FIR006838,O0479,Closed
INV001666,FIR002753,O0212,Closed
INV001667,FIR007610,O0046,Pending
INV001668,FIR009931,O0419,Open
INV001669,FIR007144,O0216,Open
INV001670,FIR006911,O0088,Open
INV001671,FIR009814,O0364,Open
INV001672,FIR009922,O0179,Open
INV001673,FIR005726,O0450,Closed
INV001674,FIR000525,O0316,Pending
INV001675,FIR008665,O0048,Pending
INV001676,FIR009453,O0463,Closed
INV001677,FIR003095,O0301,Closed
INV001678,FIR000719,O0012,Open
INV001679,FIR000630,O0064,Pending
INV001680,FIR000841,O0138,Closed
INV001681,FIR009796,O0191,Pending
INV001682,FIR004782,O0282,Closed
INV001683,FIR003717,O0266,Open
INV001684,FIR008444,O0081,Open
INV001685,FIR005748,O0274,Open
INV001686,FIR004744,O0394,Open
INV001687,FIR002406,O0225,Open
INV001688,FIR006069,O0212,Open
INV001689,FIR005691,O0332,Open
INV001690,FIR005257,O0265,Closed
INV001691,FIR004166,O0037,Closed
INV001692,FIR006427,O0007,Open
INV001693,FIR004007,O0409,Closed
INV001694,FIR005254,O0322,Open
INV001695,FIR002149,O0025,Open
INV001696,FIR007563,O0269,Pending
INV001697,FIR009462,O0209,Pending
INV001698,FIR006608,O0217,Pending
INV001699,FIR003048,O0444,Open
INV001700,FIR007237,O0081,Pending
INV001701,FIR001240,O0396,Pending
INV001702,FIR001563,O0335,Open
INV001703,FIR000980,O0101,Closed
INV001704,FIR003174,O0205,Pending
INV001705,FIR007483,O0110,Closed
INV001706,FIR008406,O0260,Open
INV001707,FIR002990,O0262,Open
INV001708,FIR009898,O0308,Pending
INV001709,FIR004033,O0051,Pending
INV001710,FIR005213,O0237,Closed
INV001711,FIR004218,O0277,Open
INV001712,FIR004196,O0034,Closed
INV001713,FIR002518,O0476,Pending
INV001714,FIR008938,O0474,Open
INV001715,FIR001538,O0067,Open
INV001716,FIR003043,O0101,Pending
INV001717,FIR009249,O0007,Closed
INV001718,FIR008659,O0289,Closed
INV001719,FIR005774,O0292,Pending
INV001720,FIR003895,O0358,Open
INV001721,FIR006243,O0263,Pending
INV001722,FIR009255,O0198,Pending
INV001723,FIR004160,O0224,Pending
INV001724,FIR003477,O0203,Closed
INV001725,FIR007927,O0351,Pending
INV001726,FIR000293,O0330,Open
INV001727,FIR005993,O0441,Pending
INV001728,FIR009206,O0449,Open
INV001729,FIR007709,O0072,Closed
INV001730,FIR005808,O0310,Pending
INV001731,FIR003299,O0252,Closed
INV001732,FIR002966,O0332,Open
INV001733,FIR009879,O0475,Closed
INV001734,FIR000076,O0010,Pending
INV001735,FIR004573,O0258,Pending
INV001736,FIR008285,O0002,Open
INV001737,FIR000479,O0365,Pending
INV001738,FIR007518,O0488,Closed
INV001739,FIR009466,O0078,Closed
INV001740,FIR001362,O0417,Pending
INV001741,FIR001426,O0291,Open
INV001742,FIR009059,O0498,Closed
INV001743,FIR002065,O0337,Open
INV001744,FIR000493,O0061,Open
INV001745,FIR007300,O0022,Pending
INV001746,FIR001320,O0142,Open
INV001747,FIR006280,O0091,Pending
INV001748,FIR007601,O0289,Open
INV001749,FIR000142,O0159,Open
INV001750,FIR007378,O0238,Pending
INV001751,FIR009514,O0133,Open
INV001752,FIR004662,O0020,Open
INV001753,FIR009154,O0468,Pending
INV001754,FIR007906,O0250,Pending
INV001755,FIR004481,O0318,Pending
INV001756,FIR002835,O0350,Open
INV001757,FIR005065,O0122,Pending
INV001758,FIR008110,O0492,Open
INV001759,FIR003966,O0188,Pending
INV001760,FIR007916,O0397,Pending
INV001761,FIR000254,O0464,Pending
INV001762,FIR007101,O0154,Pending
INV001763,FIR000428,O0259,Pending
INV001764,FIR000714,O0468,Pending
INV001765,FIR006053,O0129,Open
INV001766,FIR002754,O0298,Closed
INV001767,FIR009510,O0191,Open
INV001768,FIR000330,O0469,Closed
INV001769,FIR007203,O0406,Closed
INV001770,FIR001430,O0174,Open
INV001771,FIR001685,O0194,Open
INV001772,FIR004350,O0308,Closed
INV001773,FIR009490,O0085,Closed
INV001774,FIR008801,O0496,Open
INV001775,FIR008680,O0145,Open
INV001776,FIR008496,O0071,Pending
INV001777,FIR003283,O0292,Pending
INV001778,FIR009511,O0428,Open
INV001779,FIR009458,O0147,Closed
INV001780,FIR006717,O0177,Closed
INV001781,FIR003959,O0019,Pending
INV001782,FIR003381,O0437,Open
INV001783,FIR003921,O0056,Open
INV001784,FIR003645,O0345,Closed
INV001785,FIR002127,O0472,Pending
INV001786,FIR009482,O0057,Closed
INV001787,FIR004456,O0072,Open
INV001788,FIR000195,O0441,Pending
INV001789,FIR001410,O0306,Open
INV001790,FIR003149,O0088,Pending
INV001791,FIR008993,O0350,Closed
INV001792,FIR000033,O0091,Open
INV001793,FIR002463,O0461,Pending
INV001794,FIR008690,O0280,Open
INV001795,FIR002209,O0154,Open
INV001796,FIR005625,O0427,Pending
INV001797,FIR005367,O0110,Closed
INV001798,FIR001857,O0041,Closed
INV001799,FIR007509,O0250,Open
INV001800,FIR002999,O0035,Pending
INV001801,FIR003797,O0079,Closed
INV001802,FIR004757,O0447,Pending
INV001803,FIR005296,O0457,Closed
INV001804,FIR001837,O0060,Open
INV001805,FIR008268,O0067,Pending
INV001806,FIR003261,O0220,Closed
INV001807,FIR003786,O0187,Closed
INV001808,FIR001877,O0431,Pending
INV001809,FIR005683,O0187,Closed
INV001810,FIR009205,O0236,Closed
INV001811,FIR002205,O0345,Pending
INV001812,FIR008894,O0443,Pending
INV001813,FIR002642,O0464,Closed
INV001814,FIR006411,O0178,Open
INV001815,FIR001609,O0061,Closed
INV001816,FIR003983,O0335,Closed
INV001817,FIR003381,O0355,Pending
INV001818,FIR009422,O0380,Open
INV001819,FIR004320,O0121,Closed
INV001820,FIR006910,O0196,Closed
INV001821,FIR009993,O0386,Open
INV001822,FIR004593,O0109,Pending
INV001823,FIR001181,O0411,Open
INV001824,FIR005244,O0470,Open
INV001825,FIR002256,O0124,Closed
INV001826,FIR003809,O0403,Pending
INV001827,FIR000973,O0418,Open
INV001828,FIR004829,O0458,Closed
INV001829,FIR001922,O0199,Pending
INV001830,FIR002906,O0204,Pending
INV001831,FIR006176,O0394,Closed
INV001832,FIR008536,O0452,Open
INV001833,FIR001204,O0450,Open
INV001834,FIR008401,O0461,Pending
INV001835,FIR006051,O0466,Pending
INV001836,FIR004326,O0102,Closed
INV001837,FIR009645,O0466,Open
INV001838,FIR008807,O0112,Open
INV001839,FIR004881,O0494,Pending
INV001840,FIR004844,O0153,Closed
INV001841,FIR007539,O0061,Open
INV001842,FIR006605,O0265,Open
INV001843,FIR007149,O0463,Closed
INV001844,FIR004076,O0380,Closed
INV001845,FIR004658,O0208,Pending
INV001846,FIR005661,O0444,Closed
INV001847,FIR001845,O0397,Pending
INV001848,FIR005749,O0078,Pending
INV001849,FIR003996,O0030,Pending
INV001850,FIR002763,O0141,Closed
INV001851,FIR000651,O0390,Open
INV001852,FIR007040,O0154,Pending
INV001853,FIR003839,O0489,Open
INV001854,FIR009191,O0303,Closed
INV001855,FIR005017,O0194,Open
INV001856,FIR001015,O0028,Open
INV001857,FIR003068,O0165,Closed
INV001858,FIR007844,O0168,Closed
INV001859,FIR008527,O0194,Closed
INV001860,FIR006183,O0078,Pending
INV001861,FIR000455,O0190,Closed
INV001862,FIR005584,O0269,Open
INV001863,FIR009240,O0057,Pending
INV001864,FIR006826,O0321,Closed
INV001865,FIR001449,O0303,Closed
INV001866,FIR005957,O0377,Closed
INV001867,FIR005349,O0141,Open
INV001868,FIR003669,O0069,Pending
INV001869,FIR004175,O0442,Closed
INV001870,FIR007411,O0059,Open
INV001871,FIR007169,O0411,Pending
INV001872,FIR003807,O0236,Open
INV001873,FIR008927,O0415,Open
INV001874,FIR006531,O0010,Open
INV001875,FIR004397,O0306,Pending
INV001876,FIR000827,O0467,Closed
INV001877,FIR008821,O0482,Pending
INV001878,FIR007097,O0343,Open
INV001879,FIR009410,O0094,Pending
INV001880,FIR002089,O0057,Pending
INV001881,FIR001021,O0250,Open
INV001882,FIR002989,O0486,Closed
INV001883,FIR003886,O0264,Closed
INV001884,FIR003390,O0281,Open
INV001885,FIR000341,O0220,Closed
INV001886,FIR002347,O0121,Closed
INV001887,FIR000810,O0320,Closed
INV001888,FIR009453,O0210,Open
INV001889,FIR000998,O0294,Open
INV001890,FIR009937,O0331,Open
INV001891,FIR006262,O0043,Pending
INV001892,FIR004017,O0052,Closed
INV001893,FIR008103,O0127,Pending
INV001894,FIR007343,O0260,Pending
INV001895,FIR003357,O0420,Open
INV001896,FIR002939,O0170,Open
INV001897,FIR007865,O0217,Pending
INV001898,FIR005685,O0255,Pending
INV001899,FIR007597,O0436,Pending
INV001900,FIR007992,O0226,Pending
INV001901,FIR003111,O0328,Closed
INV001902,FIR003256,O0224,Open
INV001903,FIR008568,O0117,Pending
INV001904,FIR008192,O0299,Closed
INV001905,FIR005855,O0263,Closed
INV001906,FIR007897,O0399,Pending
INV001907,FIR006994,O0335,Closed
INV001908,FIR002419,O0335,Pending
INV001909,FIR000491,O0122,Open
INV001910,FIR008572,O0255,Open
INV001911,FIR001335,O0380,Closed
INV001912,FIR009985,O0413,Open
INV001913,FIR008916,O0025,Closed
INV001914,FIR002229,O0358,Open
INV001915,FIR009742,O0487,Closed
INV001916,FIR007136,O0144,Open
INV001917,FIR008227,O0135,Pending
INV001918,FIR000427,O0407,Pending
INV001919,FIR000158,O0303,Open
INV001920,FIR007477,O0410,Open
INV001921,FIR008803,O0161,Pending
INV001922,FIR000949,O0262,Pending
INV001923,FIR007425,O0143,Closed
INV001924,FIR007941,O0385,Pending
INV001925,FIR006095,O0302,Pending
INV001926,FIR009287,O0102,Pending
INV001927,FIR001296,O0348,Pending
INV001928,FIR005254,O0313,Pending
INV001929,FIR002878,O0457,Pending
INV001930,FIR006218,O0267,Pending
INV001931,FIR005924,O0318,Closed
INV001932,FIR004547,O0144,Open
INV001933,FIR003891,O0265,Pending
INV001934,FIR004349,O0216,Closed
INV001935,FIR001921,O0062,Open
INV001936,FIR009970,O0100,Pending
INV001937,FIR007254,O0408,Open
INV001938,FIR009143,O0272,Pending
INV001939,FIR006768,O0027,Pending
INV001940,FIR003206,O0009,Closed
INV001941,FIR007534,O0500,Pending
INV001942,FIR007443,O0036,Open
INV001943,FIR006946,O0381,Pending
INV001944,FIR008953,O0032,Open
INV001945,FIR005169,O0056,Closed
INV001946,FIR003126,O0145,Open
INV001947,FIR007977,O0326,Pending
INV001948,FIR000620,O0088,Pending
INV001949,FIR008635,O0158,Closed
INV001950,FIR009582,O0314,Pending
INV001951,FIR002520,O0463,Closed
INV001952,FIR007731,O0179,Open
INV001953,FIR004650,O0417,Pending
INV001954,FIR000483,O0429,Pending
INV001955,FIR007692,O0497,Pending
INV001956,FIR001198,O0135,Closed
INV001957,FIR008200,O0229,Open
INV001958,FIR006273,O0013,Pending
INV001959,FIR005220,O0241,Pending
INV001960,FIR001522,O0323,Open
INV001961,FIR008060,O0148,Open
INV001962,FIR005831,O0060,Closed
INV001963,FIR002272,O0040,Pending
INV001964,FIR009870,O0104,Open
INV001965,FIR004505,O0085,Open
INV001966,FIR002685,O0200,Open
INV001967,FIR003925,O0002,Open
INV001968,FIR007858,O0018,Open
INV001969,FIR006068,O0279,Closed
INV001970,FIR000766,O0148,Open
INV001971,FIR002564,O0245,Closed
INV001972,FIR002578,O0329,Closed
INV001973,FIR004409,O0039,Pending
INV001974,FIR004859,O0423,Pending
INV001975,FIR007491,O0414,Pending
INV001976,FIR007099,O0466,Open
INV001977,FIR002029,O0315,Pending
INV001978,FIR007239,O0077,Pending
INV001979,FIR003369,O0337,Open
INV001980,FIR008557,O0347,Open
INV001981,FIR007959,O0196,Pending
INV001982,FIR005531,O0027,Pending
INV001983,FIR002185,O0098,Pending
INV001984,FIR009109,O0287,Closed
INV001985,FIR000551,O0014,Pending
INV001986,FIR005446,O0188,Pending
INV001987,FIR001535,O0103,Pending
INV001988,FIR009327,O0489,Open
INV001989,FIR004896,O0392,Pending
INV001990,FIR005974,O0391,Closed
INV001991,FIR008701,O0201,Open
INV001992,FIR009320,O0239,Open
INV001993,FIR000546,O0036,Open
INV001994,FIR007630,O0201,Open
INV001995,FIR000814,O0373,Pending
INV001996,FIR005352,O0256,Pending
INV001997,FIR003794,O0073,Open
INV001998,FIR005449,O0031,Closed
INV001999,FIR009708,O0345,Closed
INV002000,FIR003635,O0014,Closed
INV002001,FIR008205,O0471,Closed
INV002002,FIR007549,O0364,Closed
INV002003,FIR003122,O0071,Pending
INV002004,FIR007995,O0211,Closed
INV002005,FIR006932,O0235,Open
INV002006,FIR009735,O0011,Closed
INV002007,FIR006552,O0481,Open
INV002008,FIR004222,O0147,Closed
INV002009,FIR006353,O0178,Pending
INV002010,FIR003137,O0152,Pending
INV002011,FIR002239,O0084,Open
INV002012,FIR001883,O0210,Open
INV002013,FIR009652,O0278,Open
INV002014,FIR009795,O0169,Closed
INV002015,FIR002346,O0209,Open
INV002016,FIR007604,O0028,Open
INV002017,FIR005299,O0318,Pending
INV002018,FIR006171,O0156,Open
INV002019,FIR006590,O0046,Open
INV002020,FIR005509,O0261,Pending
INV002021,FIR001210,O0017,Closed
INV002022,FIR000870,O0175,Pending
INV002023,FIR004966,O0174,Open
INV002024,FIR009642,O0059,Closed
INV002025,FIR001043,O0138,Open
INV002026,FIR007890,O0209,Closed
INV002027,FIR006046,O0154,Open
INV002028,FIR005220,O0282,Pending
INV002029,FIR000201,O0118,Pending
INV002030,FIR005340,O0195,Pending
INV002031,FIR008841,O0085,Pending
INV002032,FIR004608,O0318,Pending
INV002033,FIR003757,O0328,Closed
INV002034,FIR004372,O0335,Closed
INV002035,FIR009474,O0335,Pending
INV002036,FIR006381,O0162,Closed
INV002037,FIR005356,O0097,Pending
INV002038,FIR002942,O0444,Open
INV002039,FIR000068,O0042,Closed
INV002040,FIR001853,O0013,Pending
INV002041,FIR002797,O0329,Open
INV002042,FIR009863,O0240,Closed
INV002043,FIR004101,O0435,Closed
INV002044,FIR007528,O0305,Closed
INV002045,FIR003696,O0114,Pending
INV002046,FIR007658,O0126,Open
INV002047,FIR005201,O0222,Pending
INV002048,FIR005263,O0327,Open
INV002049,FIR009698,O0364,Pending
INV002050,FIR005928,O0437,Closed
INV002051,FIR000430,O0214,Open
INV002052,FIR002089,O0112,Closed
INV002053,FIR006238,O0244,Open
INV002054,FIR000282,O0247,Pending
INV002055,FIR001324,O0193,Open
INV002056,FIR001800,O0240,Closed
INV002057,FIR008970,O0433,Pending
INV002058,FIR002547,O0072,Pending
INV002059,FIR002242,O0010,Closed
INV002060,FIR001191,O0033,Closed
INV002061,FIR007767,O0107,Closed
INV002062,FIR006029,O0421,Closed
INV002063,FIR006613,O0458,Open
INV002064,FIR004115,O0244,Closed
INV002065,FIR003439,O0268,Open
INV002066,FIR008469,O0276,Closed
INV002067,FIR009465,O0034,Closed
INV002068,FIR004914,O0029,Open
INV002069,FIR002679,O0146,Closed
INV002070,FIR009718,O0414,Open
INV002071,FIR009463,O0059,Closed
INV002072,FIR005227,O0068,Closed
INV002073,FIR003222,O0476,Open
INV002074,FIR004026,O0211,Open
INV002075,FIR008353,O0056,Open
INV002076,FIR009430,O0341,Open
INV002077,FIR000731,O0437,Pending
INV002078,FIR005486,O0181,Pending
INV002079,FIR008681,O0370,Open
INV002080,FIR001105,O0007,Pending
INV002081,FIR005788,O0441,Closed
INV002082,FIR002239,O0019,Closed
INV002083,FIR009136,O0060,Closed
INV002084,FIR001171,O0203,Pending
INV002085,FIR001561,O0118,Pending
INV002086,FIR002947,O0254,Open
INV002087,FIR002048,O0463,Closed
INV002088,FIR003153,O0009,Open
INV002089,FIR008932,O0306,Closed
INV002090,FIR003735,O0424,Closed
INV002091,FIR001894,O0349,Open
INV002092,FIR009605,O0308,Open
INV002093,FIR005367,O0474,Open
INV002094,FIR006478,O0056,Open
INV002095,FIR006090,O0414,Pending
INV002096,FIR002767,O0334,Pending
INV002097,FIR000455,O0002,Closed
INV002098,FIR001947,O0386,Pending
INV002099,FIR002978,O0031,Closed
INV002100,FIR008258,O0078,Pending
INV002101,FIR000357,O0105,Closed
INV002102,FIR001977,O0278,Closed
INV002103,FIR008639,O0248,Closed
INV002104,FIR007030,O0047,Pending
INV002105,FIR006202,O0231,Closed
INV002106,FIR000757,O0189,Pending
INV002107,FIR006715,O0040,Closed
INV002108,FIR004667,O0372,Closed
INV002109,FIR005826,O0405,Pending
INV002110,FIR009549,O0060,Open
INV002111,FIR005969,O0022,Open
INV002112,FIR001597,O0406,Open
INV002113,FIR004067,O0057,Closed
INV002114,FIR004313,O0345,Pending
INV002115,FIR003119,O0264,Closed
INV002116,FIR008676,O0285,Pending
INV002117,FIR008223,O0072,Pending
INV002118,FIR004620,O0330,Closed
INV002119,FIR008355,O0322,Closed
INV002120,FIR005539,O0494,Open
INV002121,FIR007735,O0060,Closed
INV002122,FIR005511,O0354,Pending
INV002123,FIR003998,O0015,Open
INV002124,FIR000947,O0285,Closed
INV002125,FIR005106,O0247,Closed
INV002126,FIR007195,O0408,Pending
INV002127,FIR008627,O0303,Open
INV002128,FIR002038,O0059,Open
INV002129,FIR005032,O0478,Closed
INV002130,FIR004553,O0244,Open
INV002131,FIR009024,O0086,Closed
INV002132,FIR009942,O0289,Closed
INV002133,FIR008680,O0090,Pending
INV002134,FIR007958,O0361,Open
INV002135,FIR008841,O0402,Closed
INV002136,FIR000298,O0341,Open
INV002137,FIR006679,O0267,Open
INV002138,FIR002855,O0027,Closed
INV002139,FIR000268,O0223,Closed
INV002140,FIR002867,O0067,Pending
INV002141,FIR009490,O0329,Closed
INV002142,FIR009530,O0143,Pending
INV002143,FIR004619,O0480,Open
INV002144,FIR005807,O0270,Pending
INV002145,FIR005727,O0292,Open
INV002146,FIR002287,O0487,Pending
INV002147,FIR009470,O0023,Open
INV002148,FIR004176,O0343,Closed
INV002149,FIR005009,O0372,Closed
INV002150,FIR004961,O0415,Pending
INV002151,FIR000426,O0424,Closed
INV002152,FIR004555,O0389,Pending
INV002153,FIR004508,O0224,Closed
INV002154,FIR000942,O0131,Open
INV002155,FIR004105,O0208,Pending
INV002156,FIR008296,O0357,Closed
INV002157,FIR007677,O0054,Pending
INV002158,FIR001125,O0427,Open
INV002159,FIR009791,O0216,Closed
INV002160,FIR003439,O0091,Closed
INV002161,FIR002736,O0346,Open
INV002162,FIR007564,O0107,Open
INV002163,FIR005933,O0123,Pending
INV002164,FIR007400,O0160,Closed
INV002165,FIR001934,O0013,Closed
INV002166,FIR007839,O0287,Closed
INV002167,FIR003178,O0470,Closed
INV002168,FIR008717,O0011,Pending
INV002169,FIR007769,O0319,Pending
INV002170,FIR005529,O0323,Closed
INV002171,FIR005505,O0290,Open
INV002172,FIR008014,O0473,Open
INV002173,FIR002677,O0298,Pending
INV002174,FIR008542,O0128,Closed
INV002175,FIR007809,O0366,Pending
INV002176,FIR006195,O0123,Closed
INV002177,FIR006521,O0216,Open
INV002178,FIR000886,O0065,Closed
INV002179,FIR008671,O0422,Pending
INV002180,FIR003863,O0276,Pending
INV002181,FIR008661,O0155,Closed
INV002182,FIR002834,O0352,Open
INV002183,FIR009227,O0107,Open
INV002184,FIR000967,O0010,Closed
INV002185,FIR009955,O0454,Closed
INV002186,FIR007841,O0104,Pending
INV002187,FIR005594,O0171,Open
INV002188,FIR001417,O0156,Pending
INV002189,FIR000739,O0237,Open
INV002190,FIR007364,O0236,Pending
INV002191,FIR006280,O0493,Closed
INV002192,FIR003269,O0268,Open
INV002193,FIR006943,O0409,Open
INV002194,FIR000644,O0266,Closed
INV002195,FIR007700,O0365,Open
INV002196,FIR001407,O0376,Open
INV002197,FIR000380,O0259,Closed
INV002198,FIR009294,O0499,Open
INV002199,FIR008511,O0082,Closed
INV002200,FIR006059,O0304,Open
INV002201,FIR001935,O0337,Pending
INV002202,FIR000388,O0175,Pending
INV002203,FIR000006,O0335,Closed
INV002204,FIR003844,O0306,Open
INV002205,FIR008380,O0384,Closed
INV002206,FIR003555,O0112,Open
INV002207,FIR004855,O0319,Open
INV002208,FIR004800,O0090,Closed
INV002209,FIR009739,O0099,Pending
INV002210,FIR007443,O0085,Pending
INV002211,FIR004631,O0217,Closed
INV002212,FIR003744,O0268,Open
INV002213,FIR009624,O0159,Closed
INV002214,FIR008959,O0422,Pending
INV002215,FIR004210,O0110,Open
INV002216,FIR002268,O0062,Open
INV002217,FIR000541,O0084,Pending
INV002218,FIR000822,O0071,Pending
INV002219,FIR004959,O0446,Pending
INV002220,FIR005251,O0436,Closed
INV002221,FIR002741,O0500,Pending
INV002222,FIR005045,O0485,Open
INV002223,FIR007466,O0195,Open
INV002224,FIR005813,O0263,Closed
INV002225,FIR003659,O0188,Open
INV002226,FIR007602,O0042,Closed
INV002227,FIR007459,O0391,Open
INV002228,FIR003495,O0385,Open
INV002229,FIR005941,O0406,Pending
INV002230,FIR005153,O0023,Open
INV002231,FIR008745,O0312,Pending
INV002232,FIR006157,O0013,Pending
INV002233,FIR001425,O0173,Open
INV002234,FIR009731,O0312,Open
INV002235,FIR006181,O0066,Open
INV002236,FIR008777,O0378,Pending
INV002237,FIR009336,O0299,Closed
INV002238,FIR002008,O0267,Closed
INV002239,FIR005860,O0071,Closed
INV002240,FIR000407,O0418,Pending
INV002241,FIR006079,O0264,Closed
INV002242,FIR001836,O0483,Open
INV002243,FIR003055,O0024,Closed
INV002244,FIR006020,O0305,Open
INV002245,FIR008706,O0354,Pending
INV002246,FIR001768,O0406,Pending
INV002247,FIR000474,O0278,Open
INV002248,FIR003552,O0142,Pending
INV002249,FIR005152,O0232,Open
INV002250,FIR001205,O0389,Open
INV002251,FIR009271,O0206,Pending
INV002252,FIR000253,O0282,Open
INV002253,FIR001882,O0156,Pending
INV002254,FIR002891,O0025,Open
INV002255,FIR009626,O0046,Pending
INV002256,FIR000628,O0110,Open
INV002257,FIR003189,O0368,Open
INV002258,FIR001587,O0495,Open
INV002259,FIR007597,O0284,Open
INV002260,FIR002561,O0194,Open
INV002261,FIR004053,O0449,Closed
INV002262,FIR002768,O0103,Closed
INV002263,FIR007557,O0148,Open
INV002264,FIR003491,O0215,Closed
INV002265,FIR004726,O0094,Closed
INV002266,FIR005043,O0069,Open
INV002267,FIR000284,O0240,Open
INV002268,FIR004958,O0008,Pending
INV002269,FIR003184,O0020,Pending
INV002270,FIR007135,O0289,Open
INV002271,FIR003312,O0033,Pending
INV002272,FIR002154,O0161,Closed
INV002273,FIR000998,O0087,Closed
INV002274,FIR003908,O0412,Open
INV002275,FIR003242,O0148,Open
INV002276,FIR004950,O0149,Pending
INV002277,FIR006663,O0225,Open
INV002278,FIR008722,O0197,Closed
INV002279,FIR007069,O0301,Open
INV002280,FIR002813,O0328,Pending
INV002281,FIR006979,O0490,Closed
INV002282,FIR005806,O0257,Open
INV002283,FIR004348,O0023,Closed
INV002284,FIR000130,O0173,Pending
INV002285,FIR000069,O0046,Open
INV002286,FIR000797,O0340,Open
INV002287,FIR009388,O0381,Closed
INV002288,FIR002912,O0030,Closed
INV002289,FIR007575,O0262,Pending
INV002290,FIR000307,O0308,Pending
INV002291,FIR003946,O0081,Closed
INV002292,FIR004269,O0076,Closed
INV002293,FIR009072,O0234,Pending
INV002294,FIR003648,O0116,Open
INV002295,FIR003059,O0419,Closed
INV002296,FIR001576,O0229,Pending
INV002297,FIR002348,O0026,Open
INV002298,FIR003789,O0341,Open
INV002299,FIR005558,O0482,Pending
INV002300,FIR002555,O0182,Open
INV002301,FIR007888,O0073,Closed
INV002302,FIR006574,O0019,Closed
INV002303,FIR005539,O0440,Closed
INV002304,FIR000949,O0054,Closed
INV002305,FIR007418,O0480,Closed
INV002306,FIR009981,O0333,Pending
INV002307,FIR001336,O0254,Closed
INV002308,FIR009729,O0305,Open
INV002309,FIR004431,O0352,Pending
INV002310,FIR004069,O0064,Open
INV002311,FIR000610,O0425,Open
INV002312,FIR004181,O0113,Closed
INV002313,FIR007239,O0090,Closed
INV002314,FIR001711,O0260,Open
INV002315,FIR005918,O0103,Open
INV002316,FIR000445,O0083,Pending
INV002317,FIR009146,O0395,Open
INV002318,FIR000116,O0129,Closed
INV002319,FIR003458,O0139,Closed
INV002320,FIR002069,O0234,Closed
INV002321,FIR001103,O0463,Pending
INV002322,FIR007516,O0362,Closed
INV002323,FIR004566,O0010,Closed
INV002324,FIR001259,O0336,Pending
INV002325,FIR002453,O0241,Closed
INV002326,FIR009702,O0405,Open
INV002327,FIR007817,O0419,Closed
INV002328,FIR008831,O0447,Pending
INV002329,FIR008446,O0437,Closed
INV002330,FIR003703,O0303,Open
INV002331,FIR007815,O0061,Closed
INV002332,FIR006895,O0448,Open
INV002333,FIR001344,O0336,Open
INV002334,FIR001195,O0384,Closed
INV002335,FIR004578,O0248,Open
INV002336,FIR002100,O0352,Closed
INV002337,FIR002074,O0456,Pending
INV002338,FIR009885,O0105,Pending
INV002339,FIR001435,O0150,Pending
INV002340,FIR003090,O0085,Open
INV002341,FIR003330,O0370,Closed
INV002342,FIR007474,O0184,Pending
INV002343,FIR006586,O0023,Pending
INV002344,FIR005936,O0101,Open
INV002345,FIR009693,O0185,Pending
INV002346,FIR007123,O0360,Closed
INV002347,FIR008897,O0298,Open
INV002348,FIR000743,O0362,Closed
INV002349,FIR009548,O0322,Pending
INV002350,FIR000859,O0434,Closed
INV002351,FIR009212,O0222,Pending
INV002352,FIR005040,O0455,Open
INV002353,FIR006590,O0190,Open
INV002354,FIR005370,O0197,Open
INV002355,FIR000603,O0326,Pending
INV002356,FIR005185,O0494,Closed
INV002357,FIR006881,O0126,Pending
INV002358,FIR004343,O0479,Open
INV002359,FIR004566,O0011,Open
INV002360,FIR008890,O0166,Pending
INV002361,FIR004212,O0069,Closed
INV002362,FIR009465,O0028,Pending
INV002363,FIR009535,O0492,Open
INV002364,FIR006649,O0242,Closed
INV002365,FIR008065,O0138,Pending
INV002366,FIR000691,O0252,Closed
INV002367,FIR007945,O0193,Closed
INV002368,FIR001513,O0343,Closed
INV002369,FIR004342,O0418,Pending
INV002370,FIR007041,O0263,Pending
INV002371,FIR007217,O0054,Closed
INV002372,FIR007845,O0308,Closed
INV002373,FIR001009,O0321,Pending
INV002374,FIR004244,O0050,Open
INV002375,FIR003505,O0157,Closed
INV002376,FIR003034,O0003,Pending
INV002377,FIR008459,O0238,Closed
INV002378,FIR006568,O0376,Open
INV002379,FIR003622,O0392,Open
INV002380,FIR006642,O0119,Open
INV002381,FIR005474,O0129,Pending
INV002382,FIR004832,O0004,Open
INV002383,FIR009008,O0438,Open
INV002384,FIR007630,O0417,Open
INV002385,FIR007152,O0168,Closed
INV002386,FIR003626,O0022,Open
INV002387,FIR008709,O0017,Closed
INV002388,FIR002297,O0144,Open
INV002389,FIR005193,O0076,Closed
INV002390,FIR004502,O0223,Open
INV002391,FIR007136,O0002,Pending
INV002392,FIR003326,O0038,Closed
INV002393,FIR002636,O0260,Closed
INV002394,FIR000205,O0265,Pending
INV002395,FIR005190,O0291,Open
INV002396,FIR001096,O0038,Open
INV002397,FIR009354,O0072,Pending
INV002398,FIR001189,O0203,Open
INV002399,FIR005103,O0210,Closed
INV002400,FIR006861,O0432,Open
INV002401,FIR000767,O0400,Closed
INV002402,FIR001505,O0051,Open
INV002403,FIR006119,O0447,Closed
INV002404,FIR008563,O0355,Pending
INV002405,FIR003217,O0331,Pending
INV002406,FIR003985,O0374,Closed
INV002407,FIR005458,O0496,Pending
INV002408,FIR003533,O0213,Pending
INV002409,FIR003622,O0266,Open
INV002410,FIR004270,O0005,Open
INV002411,FIR001730,O0252,Closed
INV002412,FIR003739,O0218,Pending
INV002413,FIR008520,O0180,Open
INV002414,FIR000986,O0498,Closed
INV002415,FIR008224,O0401,Closed
INV002416,FIR006165,O0323,Closed
INV002417,FIR008064,O0226,Open
INV002418,FIR002025,O0438,Open
INV002419,FIR006591,O0430,Open
INV002420,FIR000740,O0494,Open
INV002421,FIR008351,O0250,Open
INV002422,FIR001143,O0198,Open
INV002423,FIR004273,O0477,Closed
INV002424,FIR004712,O0004,Pending
INV002425,FIR002822,O0073,Open
INV002426,FIR006877,O0209,Pending
INV002427,FIR007885,O0376,Open
INV002428,FIR007827,O0495,Open
INV002429,FIR005791,O0495,Closed
INV002430,FIR004942,O0196,Open
INV002431,FIR004690,O0231,Open
INV002432,FIR005502,O0137,Closed
INV002433,FIR000913,O0374,Pending
INV002434,FIR004497,O0314,Open
INV002435,FIR000724,O0063,Closed
INV002436,FIR008172,O0485,Pending
INV002437,FIR006439,O0281,Closed
INV002438,FIR001351,O0382,Pending
INV002439,FIR004466,O0069,Pending
INV002440,FIR009587,O0087,Closed
INV002441,FIR000070,O0330,Closed
INV002442,FIR000164,O0414,Closed
INV002443,FIR009913,O0176,Closed
INV002444,FIR009852,O0307,Closed
INV002445,FIR004907,O0033,Open
INV002446,FIR005371,O0050,Pending
INV002447,FIR000639,O0276,Pending
INV002448,FIR005197,O0298,Pending
INV002449,FIR009545,O0392,Closed
INV002450,FIR008220,O0048,Pending
INV002451,FIR007716,O0142,Closed
INV002452,FIR003613,O0488,Pending
INV002453,FIR005470,O0218,Open
INV002454,FIR002340,O0417,Closed
INV002455,FIR000090,O0082,Open
INV002456,FIR004912,O0301,Open
INV002457,FIR006858,O0021,Open
INV002458,FIR004928,O0380,Open
INV002459,FIR000941,O0042,Open
INV002460,FIR002996,O0228,Pending
INV002461,FIR009449,O0203,Pending
INV002462,FIR002892,O0108,Closed
INV002463,FIR005857,O0344,Open
INV002464,FIR005080,O0357,Open
INV002465,FIR001325,O0197,Pending
INV002466,FIR002686,O0475,Open
INV002467,FIR008091,O0213,Pending
INV002468,FIR004660,O0243,Pending
INV002469,FIR005893,O0166,Closed
INV002470,FIR003517,O0167,Closed
INV002471,FIR009637,O0333,Pending
INV002472,FIR001333,O0397,Pending
INV002473,FIR000790,O0337,Open
INV002474,FIR009209,O0102,Open
INV002475,FIR002858,O0341,Pending
INV002476,FIR002222,O0136,Closed
INV002477,FIR008722,O0451,Pending
INV002478,FIR002261,O0439,Open
INV002479,FIR007338,O0375,Pending
INV002480,FIR003039,O0042,Closed
INV002481,FIR009700,O0354,Pending
INV002482,FIR004120,O0235,Closed
INV002483,FIR001691,O0007,Open
INV002484,FIR007249,O0213,Closed
INV002485,FIR000696,O0121,Open
INV002486,FIR003091,O0079,Pending
INV002487,FIR005454,O0268,Open
INV002488,FIR000206,O0010,Pending
INV002489,FIR009194,O0040,Open
INV002490,FIR004740,O0097,Open
INV002491,FIR007653,O0084,Pending
INV002492,FIR001789,O0122,Pending
INV002493,FIR000682,O0449,Open
INV002494,FIR000938,O0385,Pending
INV002495,FIR005638,O0173,Open
INV002496,FIR005892,O0041,Open
INV002497,FIR003034,O0424,Pending
INV002498,FIR000475,O0321,Closed
INV002499,FIR000474,O0344,Pending
INV002500,FIR005344,O0262,Open
INV002501,FIR009995,O0205,Closed
INV002502,FIR005546,O0439,Closed
INV002503,FIR008160,O0035,Pending
INV002504,FIR007989,O0010,Closed
INV002505,FIR007534,O0084,Pending
INV002506,FIR006310,O0049,Pending
INV002507,FIR008925,O0406,Pending
INV002508,FIR004061,O0357,Open
INV002509,FIR004560,O0424,Closed
INV002510,FIR008286,O0355,Closed
INV002511,FIR000267,O0200,Closed
INV002512,FIR001875,O0086,Closed
INV002513,FIR007378,O0388,Pending
INV002514,FIR007407,O0216,Closed
INV002515,FIR004507,O0068,Open
INV002516,FIR002398,O0222,Open
INV002517,FIR007526,O0118,Closed
INV002518,FIR000565,O0498,Closed
INV002519,FIR003322,O0097,Closed
INV002520,FIR001363,O0490,Pending
INV002521,FIR001642,O0324,Pending
INV002522,FIR000557,O0116,Pending
INV002523,FIR003470,O0152,Open
INV002524,FIR006554,O0184,Pending
INV002525,FIR004471,O0376,Closed
INV002526,FIR006706,O0028,Pending
INV002527,FIR002066,O0304,Closed
INV002528,FIR005769,O0012,Closed
INV002529,FIR003880,O0104,Open
INV002530,FIR006510,O0070,Closed
INV002531,FIR000793,O0463,Open
INV002532,FIR003100,O0105,Pending
INV002533,FIR008027,O0444,Open
INV002534,FIR002783,O0410,Open
INV002535,FIR008046,O0447,Closed
INV002536,FIR008860,O0202,Pending
INV002537,FIR001396,O0140,Pending
INV002538,FIR005520,O0341,Pending
INV002539,FIR000160,O0328,Open
INV002540,FIR008975,O0279,Open
INV002541,FIR009251,O0112,Open
INV002542,FIR002635,O0488,Open
INV002543,FIR002306,O0291,Open
INV002544,FIR007230,O0293,Pending
INV002545,FIR006446,O0145,Pending
INV002546,FIR006213,O0142,Pending
INV002547,FIR007839,O0344,Pending
INV002548,FIR002545,O0398,Pending
INV002549,FIR007415,O0290,Pending
INV002550,FIR001761,O0141,Open
INV002551,FIR008815,O0260,Open
INV002552,FIR004853,O0253,Closed
INV002553,FIR000226,O0260,Pending
INV002554,FIR002170,O0317,Open
INV002555,FIR008987,O0279,Open
INV002556,FIR008418,O0267,Open
INV002557,FIR003375,O0446,Pending
INV002558,FIR000448,O0355,Closed
INV002559,FIR009008,O0018,Closed
INV002560,FIR003734,O0419,Pending
INV002561,FIR000248,O0139,Closed
INV002562,FIR009273,O0072,Closed
INV002563,FIR003254,O0143,Closed
INV002564,FIR002094,O0155,Closed
INV002565,FIR007293,O0157,Pending
INV002566,FIR008674,O0125,Open
INV002567,FIR004923,O0146,Open
INV002568,FIR008395,O0174,Open
INV002569,FIR002537,O0071,Pending
INV002570,FIR000627,O0263,Closed
INV002571,FIR006689,O0144,Open
INV002572,FIR004206,O0164,Closed
INV002573,FIR007364,O0062,Closed
INV002574,FIR007516,O0376,Closed
INV002575,FIR003978,O0383,Pending
INV002576,FIR000890,O0405,Closed
INV002577,FIR009127,O0347,Open
INV002578,FIR007691,O0155,Pending
INV002579,FIR009019,O0221,Closed
INV002580,FIR002725,O0163,Pending
INV002581,FIR003818,O0204,Open
INV002582,FIR004488,O0424,Open
INV002583,FIR000231,O0110,Closed
INV002584,FIR003467,O0210,Open
INV002585,FIR009785,O0449,Open
INV002586,FIR009078,O0481,Closed
INV002587,FIR008676,O0020,Pending
INV002588,FIR003177,O0181,Open
INV002589,FIR005780,O0373,Pending
INV002590,FIR004299,O0033,Open
INV002591,FIR008983,O0384,Closed
INV002592,FIR006486,O0142,Closed
INV002593,FIR007919,O0480,Open
INV002594,FIR003934,O0351,Pending
INV002595,FIR006216,O0474,Closed
INV002596,FIR004982,O0044,Closed
INV002597,FIR004786,O0008,Closed
INV002598,FIR004044,O0137,Pending
INV002599,FIR007728,O0006,Closed
INV002600,FIR003920,O0020,Closed
INV002601,FIR003746,O0480,Closed
INV002602,FIR001303,O0012,Closed
INV002603,FIR008940,O0402,Open
INV002604,FIR003145,O0094,Pending
INV002605,FIR005354,O0139,Closed
INV002606,FIR001451,O0313,Pending
INV002607,FIR006493,O0466,Pending
INV002608,FIR005345,O0022,Open
INV002609,FIR007101,O0091,Open
INV002610,FIR009579,O0351,Closed
INV002611,FIR007051,O0479,Open
INV002612,FIR006821,O0126,Closed
INV002613,FIR007907,O0099,Open
INV002614,FIR004740,O0465,Closed
INV002615,FIR003312,O0313,Open
INV002616,FIR003205,O0244,Closed
INV002617,FIR006787,O0074,Closed
INV002618,FIR009088,O0368,Closed
INV002619,FIR005263,O0052,Open
INV002620,FIR009903,O0373,Pending
INV002621,FIR007483,O0061,Closed
INV002622,FIR008982,O0327,Pending
INV002623,FIR002385,O0412,Pending
INV002624,FIR007545,O0389,Open
INV002625,FIR000954,O0460,Closed
INV002626,FIR003634,O0483,Pending
INV002627,FIR003397,O0457,Pending
INV002628,FIR003020,O0346,Closed
INV002629,FIR009729,O0196,Closed
INV002630,FIR007595,O0431,Pending
INV002631,FIR006856,O0220,Open
INV002632,FIR005629,O0092,Closed
INV002633,FIR004188,O0223,Pending
INV002634,FIR003532,O0495,Open
INV002635,FIR003295,O0180,Pending
INV002636,FIR002031,O0280,Pending
INV002637,FIR009113,O0371,Pending
INV002638,FIR005861,O0315,Open
INV002639,FIR004094,O0021,Pending
INV002640,FIR007081,O0202,Pending
INV002641,FIR001655,O0260,Pending
INV002642,FIR003731,O0147,Open
INV002643,FIR002890,O0001,Pending
INV002644,FIR009977,O0496,Pending
INV002645,FIR004016,O0232,Pending
INV002646,FIR007800,O0283,Closed
INV002647,FIR005072,O0015,Open
INV002648,FIR007165,O0265,Open
INV002649,FIR001223,O0088,Closed
INV002650,FIR007647,O0053,Pending
INV002651,FIR005970,O0258,Open
INV002652,FIR008917,O0333,Pending
INV002653,FIR000820,O0329,Closed
INV002654,FIR004033,O0482,Pending
INV002655,FIR005353,O0295,Open
INV002656,FIR002502,O0500,Closed
INV002657,FIR006386,O0096,Closed
INV002658,FIR003821,O0197,Closed
INV002659,FIR006951,O0433,Closed
INV002660,FIR005656,O0345,Pending
INV002661,FIR002463,O0087,Closed
INV002662,FIR004281,O0056,Pending
INV002663,FIR000642,O0316,Pending
INV002664,FIR001460,O0116,Open
INV002665,FIR004428,O0035,Closed
INV002666,FIR003049,O0041,Open
INV002667,FIR002811,O0186,Pending
INV002668,FIR005723,O0378,Pending
INV002669,FIR008882,O0106,Open
INV002670,FIR001911,O0478,Open
INV002671,FIR009385,O0018,Pending
INV002672,FIR009051,O0176,Pending
INV002673,FIR002000,O0445,Pending
INV002674,FIR005943,O0027,Closed
INV002675,FIR007339,O0355,Closed
INV002676,FIR001935,O0333,Closed
INV002677,FIR003411,O0494,Open
INV002678,FIR005700,O0106,Closed
INV002679,FIR009599,O0437,Closed
INV002680,FIR008153,O0488,Pending
INV002681,FIR009866,O0463,Pending
INV002682,FIR000413,O0054,Closed
INV002683,FIR003246,O0361,Closed
INV002684,FIR009981,O0102,Pending
INV002685,FIR005203,O0267,Pending
INV002686,FIR002847,O0442,Closed
INV002687,FIR008881,O0139,Open
INV002688,FIR007757,O0006,Open
INV002689,FIR004422,O0321,Closed
INV002690,FIR003576,O0052,Open
INV002691,FIR004712,O0366,Closed
INV002692,FIR004377,O0088,Closed
INV002693,FIR009332,O0264,Pending
INV002694,FIR007236,O0250,Pending
INV002695,FIR000524,O0315,Closed
INV002696,FIR000716,O0374,Open
INV002697,FIR006892,O0158,Pending
INV002698,FIR005793,O0193,Pending
INV002699,FIR008752,O0205,Pending
INV002700,FIR005119,O0203,Open
INV002701,FIR003589,O0374,Closed
INV002702,FIR009880,O0198,Closed
INV002703,FIR002297,O0315,Pending
INV002704,FIR000406,O0059,Pending
INV002705,FIR007525,O0201,Open
INV002706,FIR008818,O0132,Pending
INV002707,FIR007860,O0370,Pending
INV002708,FIR009878,O0435,Closed
INV002709,FIR004713,O0074,Pending
INV002710,FIR002970,O0146,Pending
INV002711,FIR008650,O0379,Open
INV002712,FIR000178,O0020,Pending
INV002713,FIR009116,O0282,Closed
INV002714,FIR009951,O0310,Closed
INV002715,FIR003280,O0132,Closed
INV002716,FIR005690,O0154,Closed
INV002717,FIR007952,O0259,Open
INV002718,FIR002843,O0369,Closed
INV002719,FIR000220,O0380,Open
INV002720,FIR003084,O0119,Closed
INV002721,FIR003093,O0192,Closed
INV002722,FIR007378,O0209,Closed
INV002723,FIR009545,O0316,Closed
INV002724,FIR001353,O0430,Open
INV002725,FIR001159,O0132,Closed
INV002726,FIR003754,O0439,Open
INV002727,FIR003249,O0367,Closed
INV002728,FIR008487,O0436,Closed
INV002729,FIR003637,O0156,Pending
INV002730,FIR001757,O0054,Closed
INV002731,FIR003829,O0121,Closed
INV002732,FIR005212,O0389,Open
INV002733,FIR005740,O0348,Open
INV002734,FIR005920,O0165,Open
INV002735,FIR000325,O0085,Closed
INV002736,FIR001911,O0441,Open
INV002737,FIR003216,O0211,Open
INV002738,FIR004541,O0023,Closed
INV002739,FIR009072,O0216,Open
INV002740,FIR001704,O0247,Closed
INV002741,FIR003277,O0060,Pending
INV002742,FIR004603,O0303,Open
INV002743,FIR002072,O0332,Closed
INV002744,FIR000414,O0326,Pending
INV002745,FIR004267,O0004,Open
INV002746,FIR000881,O0044,Open
INV002747,FIR002387,O0009,Pending
INV002748,FIR009876,O0374,Open
INV002749,FIR004689,O0174,Open
INV002750,FIR007216,O0195,Open
INV002751,FIR005755,O0004,Closed
INV002752,FIR002196,O0057,Pending
INV002753,FIR006880,O0440,Pending
INV002754,FIR006788,O0236,Pending
INV002755,FIR003814,O0499,Closed
INV002756,FIR006759,O0302,Pending
INV002757,FIR000275,O0277,Open
INV002758,FIR002606,O0261,Pending
INV002759,FIR007452,O0283,Open
INV002760,FIR007980,O0433,Closed
INV002761,FIR005764,O0392,Pending
INV002762,FIR000341,O0120,Pending
INV002763,FIR000659,O0385,Open
INV002764,FIR009114,O0107,Closed
INV002765,FIR001495,O0031,Open
INV002766,FIR009124,O0167,Closed
INV002767,FIR000394,O0217,Open
INV002768,FIR005809,O0347,Open
INV002769,FIR005838,O0358,Open
INV002770,FIR007172,O0281,Pending
INV002771,FIR006356,O0250,Open
INV002772,FIR006290,O0238,Open
INV002773,FIR005936,O0023,Closed
INV002774,FIR007323,O0035,Open
INV002775,FIR002366,O0313,Open
INV002776,FIR005811,O0044,Closed
INV002777,FIR008503,O0330,Pending
INV002778,FIR003206,O0067,Open
INV002779,FIR008801,O0431,Closed
INV002780,FIR003954,O0361,Open
INV002781,FIR003738,O0094,Closed
INV002782,FIR006470,O0459,Closed
INV002783,FIR002027,O0152,Open
INV002784,FIR007205,O0106,Open
INV002785,FIR008225,O0478,Closed
INV002786,FIR001878,O0269,Pending
INV002787,FIR008979,O0106,Closed
INV002788,FIR003363,O0306,Open
INV002789,FIR004193,O0184,Pending
INV002790,FIR008234,O0348,Pending
INV002791,FIR001275,O0357,Closed
INV002792,FIR008181,O0361,Pending
INV002793,FIR005337,O0204,Pending
INV002794,FIR005436,O0102,Open
INV002795,FIR006258,O0102,Open
INV002796,FIR009189,O0192,Pending
INV002797,FIR009559,O0039,Open
INV002798,FIR000628,O0265,Pending
INV002799,FIR002353,O0495,Pending
INV002800,FIR001541,O0345,Closed
INV002801,FIR001213,O0207,Open
INV002802,FIR000735,O0466,Closed
INV002803,FIR004109,O0453,Closed
INV002804,FIR004681,O0001,Pending
INV002805,FIR004042,O0235,Closed
INV002806,FIR000697,O0284,Closed
INV002807,FIR000360,O0294,Open
INV002808,FIR004911,O0388,Closed
INV002809,FIR003907,O0081,Closed
INV002810,FIR005411,O0453,Closed
INV002811,FIR002589,O0123,Pending
INV002812,FIR006665,O0381,Pending
INV002813,FIR001320,O0407,Open
INV002814,FIR000759,O0178,Open
INV002815,FIR001431,O0118,Open
INV002816,FIR004000,O0171,Open
INV002817,FIR001795,O0220,Pending
INV002818,FIR003385,O0374,Closed
INV002819,FIR003761,O0495,Closed
INV002820,FIR006318,O0417,Closed
INV002821,FIR006647,O0292,Pending
INV002822,FIR001038,O0367,Closed
INV002823,FIR008467,O0225,Pending
INV002824,FIR002546,O0338,Open
INV002825,FIR003953,O0474,Closed
INV002826,FIR005161,O0017,Closed
INV002827,FIR000636,O0146,Open
INV002828,FIR007048,O0253,Closed
INV002829,FIR000265,O0245,Closed
INV002830,FIR008304,O0348,Pending
INV002831,FIR006358,O0299,Pending
INV002832,FIR009158,O0104,Pending
INV002833,FIR007472,O0249,Closed
INV002834,FIR003467,O0004,Open
INV002835,FIR000739,O0232,Open
INV002836,FIR002742,O0469,Open
INV002837,FIR001412,O0288,Pending
INV002838,FIR000300,O0442,Open
INV002839,FIR004459,O0195,Closed
INV002840,FIR005301,O0366,Open
INV002841,FIR006164,O0404,Closed
INV002842,FIR005048,O0129,Open
INV002843,FIR001934,O0500,Open
INV002844,FIR007613,O0260,Closed
INV002845,FIR000374,O0191,Pending
INV002846,FIR005403,O0146,Pending
INV002847,FIR005949,O0134,Pending
INV002848,FIR007728,O0351,Open
INV002849,FIR000082,O0376,Closed
INV002850,FIR008857,O0247,Closed
INV002851,FIR000235,O0106,Open
INV002852,FIR002289,O0476,Closed
INV002853,FIR005141,O0493,Closed
INV002854,FIR004668,O0160,Pending
INV002855,FIR008156,O0057,Open
INV002856,FIR004635,O0169,Closed
INV002857,FIR003889,O0364,Open
INV002858,FIR005619,O0406,Open
INV002859,FIR002414,O0465,Pending
INV002860,FIR004075,O0117,Open
INV002861,FIR008421,O0085,Open
INV002862,FIR008720,O0414,Pending
INV002863,FIR009342,O0251,Closed
INV002864,FIR006449,O0399,Closed
INV002865,FIR007434,O0338,Closed
INV002866,FIR005659,O0143,Open
INV002867,FIR006030,O0326,Closed
INV002868,FIR008489,O0186,Closed
INV002869,FIR002632,O0479,Pending
INV002870,FIR007269,O0404,Open
INV002871,FIR007824,O0303,Pending
INV002872,FIR007105,O0053,Open
INV002873,FIR000783,O0254,Pending
INV002874,FIR000847,O0091,Open
INV002875,FIR000552,O0296,Closed
INV002876,FIR001125,O0387,Closed
INV002877,FIR008557,O0210,Closed
INV002878,FIR009996,O0014,Open
INV002879,FIR007467,O0231,Closed
INV002880,FIR009781,O0209,Pending
INV002881,FIR002105,O0118,Closed
INV002882,FIR005609,O0142,Open
INV002883,FIR007524,O0056,Pending
INV002884,FIR000964,O0189,Open
INV002885,FIR003009,O0299,Closed
INV002886,FIR003765,O0075,Pending
INV002887,FIR009532,O0026,Closed
INV002888,FIR002790,O0427,Closed
INV002889,FIR007715,O0216,Open
INV002890,FIR006333,O0158,Open
INV002891,FIR002648,O0375,Closed
INV002892,FIR009403,O0057,Pending
INV002893,FIR001336,O0010,Pending
INV002894,FIR006842,O0437,Pending
INV002895,FIR008006,O0468,Open
INV002896,FIR007697,O0360,Pending
INV002897,FIR003892,O0006,Pending
INV002898,FIR004049,O0184,Pending
INV002899,FIR002779,O0355,Pending
INV002900,FIR006694,O0488,Closed
INV002901,FIR006935,O0119,Closed
INV002902,FIR002214,O0172,Closed
INV002903,FIR000816,O0287,Closed
INV002904,FIR006278,O0381,Pending
INV002905,FIR008105,O0074,Open
INV002906,FIR006081,O0235,Open
INV002907,FIR001637,O0294,Closed
INV002908,FIR004837,O0448,Closed
INV002909,FIR009909,O0025,Open
INV002910,FIR000036,O0212,Open
INV002911,FIR001408,O0190,Pending
INV002912,FIR008377,O0275,Closed
INV002913,FIR000388,O0257,Open
INV002914,FIR001641,O0161,Open
INV002915,FIR007832,O0065,Pending
INV002916,FIR004749,O0242,Pending
INV002917,FIR000128,O0359,Open
INV002918,FIR006980,O0298,Open
INV002919,FIR008658,O0254,Open
INV002920,FIR000699,O0278,Pending
INV002921,FIR007938,O0057,Pending
INV002922,FIR008806,O0457,Open
INV002923,FIR003884,O0236,Closed
INV002924,FIR004969,O0077,Closed
INV002925,FIR001185,O0335,Open
INV002926,FIR005791,O0470,Open
INV002927,FIR000118,O0420,Closed
INV002928,FIR003895,O0038,Pending
INV002929,FIR002325,O0433,Closed
INV002930,FIR006192,O0422,Closed
INV002931,FIR005756,O0172,Open
INV002932,FIR001743,O0273,Closed
INV002933,FIR006403,O0392,Open
INV002934,FIR006344,O0112,Pending
INV002935,FIR000210,O0249,Pending
INV002936,FIR001140,O0051,Open
INV002937,FIR003939,O0260,Closed
INV002938,FIR003014,O0283,Pending
INV002939,FIR008290,O0252,Closed
INV002940,FIR006946,O0001,Open
INV002941,FIR001087,O0455,Closed
INV002942,FIR000196,O0079,Pending
INV002943,FIR009338,O0264,Open
INV002944,FIR005857,O0318,Closed
INV002945,FIR000807,O0007,Open
INV002946,FIR007451,O0062,Open
INV002947,FIR006857,O0100,Pending
INV002948,FIR005682,O0299,Pending
INV002949,FIR004990,O0238,Open
INV002950,FIR009358,O0434,Closed
INV002951,FIR005462,O0325,Closed
INV002952,FIR007945,O0483,Open
INV002953,FIR007132,O0321,Pending
INV002954,FIR008174,O0209,Pending
INV002955,FIR004004,O0003,Closed
INV002956,FIR009580,O0351,Closed
INV002957,FIR008843,O0351,Open
INV002958,FIR006193,O0125,Closed
INV002959,FIR002933,O0207,Pending
INV002960,FIR008990,O0080,Pending
INV002961,FIR009636,O0041,Pending
INV002962,FIR009349,O0424,Pending
INV002963,FIR009308,O0215,Open
INV002964,FIR006984,O0441,Closed
INV002965,FIR009370,O0354,Open
INV002966,FIR006826,O0403,Open
INV002967,FIR008139,O0312,Pending
INV002968,FIR005449,O0042,Closed
INV002969,FIR005979,O0253,Pending
INV002970,FIR004354,O0431,Pending
INV002971,FIR009403,O0035,Pending
INV002972,FIR003536,O0075,Open
INV002973,FIR008245,O0435,Pending
INV002974,FIR007194,O0403,Pending
INV002975,FIR008625,O0284,Closed
INV002976,FIR006176,O0156,Open
INV002977,FIR007424,O0295,Open
INV002978,FIR008870,O0329,Pending
INV002979,FIR003026,O0259,Open
INV002980,FIR008015,O0166,Closed
INV002981,FIR008218,O0456,Pending
INV002982,FIR004402,O0353,Pending
INV002983,FIR007772,O0374,Closed
INV002984,FIR001337,O0291,Pending
INV002985,FIR008725,O0037,Open
INV002986,FIR008119,O0092,Closed
INV002987,FIR008244,O0331,Pending
INV002988,FIR001734,O0116,Open
INV002989,FIR001717,O0007,Closed
INV002990,FIR007508,O0101,Closed
INV002991,FIR000230,O0403,Pending
INV002992,FIR003495,O0389,Closed
INV002993,FIR007545,O0491,Open
INV002994,FIR003209,O0200,Open
INV002995,FIR009509,O0299,Closed
INV002996,FIR004886,O0064,Closed
INV002997,FIR009724,O0218,Pending
INV002998,FIR002011,O0080,Open
INV002999,FIR001944,O0208,Pending
INV003000,FIR008141,O0281,Open
