Vehicle_ID,Vehicle_Number,Owner_ID,Vehicle_Type
VH00001,KA93AB5951,A01647,Truck
VH00002,KA92AB9709,A00748,Bike
VH00003,KA90AB3419,A00147,Truck
VH00004,KA65AB4246,A00587,Car
VH00005,KA82AB4773,A01398,Bike
VH00006,KA06AB2763,A01857,Car
VH00007,KA69AB7793,A00968,Car
VH00008,KA98AB7130,A01678,Bike
VH00009,KA30AB4583,A00471,Car
VH00010,KA82AB5730,A01460,Car
VH00011,KA77AB8794,A00773,Bike
VH00012,KA82AB4375,A01165,Car
VH00013,KA66AB1337,A00507,Car
VH00014,KA36AB4123,A01980,Truck
VH00015,KA26AB1802,A01665,Truck
VH00016,KA18AB3171,A01983,Car
VH00017,KA92AB1211,A00657,Car
VH00018,KA71AB5052,A00648,Car
VH00019,KA03AB3595,A00843,Car
VH00020,KA78AB2919,A00343,Truck
VH00021,KA01AB2096,A01170,Bike
VH00022,KA14AB4554,A00246,Bike
VH00023,KA52AB5064,A00324,Bike
VH00024,KA53AB8346,A01494,Truck
VH00025,KA50AB9438,A01131,Car
VH00026,KA60AB6100,A00681,Car
VH00027,KA76AB9067,A01460,Truck
VH00028,KA68AB2813,A01624,Truck
VH00029,KA47AB2957,A00647,Car
VH00030,KA28AB9183,A01008,Truck
VH00031,KA69AB9868,A00323,Car
VH00032,KA01AB4391,A00211,Bike
VH00033,KA32AB6839,A00207,Car
VH00034,KA29AB2855,A00396,Truck
VH00035,KA50AB1653,A00351,Car
VH00036,KA51AB1187,A01009,Car
VH00037,KA06AB8601,A01647,Truck
VH00038,KA45AB5776,A00654,Car
VH00039,KA45AB7392,A00550,Bike
VH00040,KA20AB3890,A00535,Truck
VH00041,KA88AB9516,A00713,Car
VH00042,KA33AB5046,A01982,Truck
VH00043,KA60AB4091,A01100,Car
VH00044,KA18AB1597,A01803,Truck
VH00045,KA73AB1245,A00708,Bike
VH00046,KA20AB7763,A01110,Car
VH00047,KA64AB5702,A01641,Bike
VH00048,KA62AB4361,A01653,Truck
VH00049,KA48AB6869,A00272,Bike
VH00050,KA26AB4639,A00857,Bike
VH00051,KA83AB3369,A00723,Truck
VH00052,KA27AB2915,A00421,Truck
VH00053,KA80AB4214,A00152,Bike
VH00054,KA21AB7627,A00984,Car
VH00055,KA63AB6198,A01649,Car
VH00056,KA08AB6574,A01080,Bike
VH00057,KA77AB2636,A00419,Truck
VH00058,KA69AB2703,A01866,Car
VH00059,KA20AB8349,A01383,Bike
VH00060,KA59AB7495,A01489,Truck
VH00061,KA29AB5698,A01074,Bike
VH00062,KA18AB7220,A01030,Truck
VH00063,KA40AB6782,A00688,Car
VH00064,KA30AB7130,A01914,Bike
VH00065,KA50AB4362,A01849,Bike
VH00066,KA45AB4368,A01765,Bike
VH00067,KA76AB9875,A01975,Bike
VH00068,KA35AB9737,A01449,Bike
VH00069,KA08AB8349,A01930,Truck
VH00070,KA31AB3498,A00940,Bike
VH00071,KA74AB8999,A01617,Car
VH00072,KA98AB1140,A01019,Car
VH00073,KA27AB9103,A00093,Bike
VH00074,KA58AB9951,A01400,Truck
VH00075,KA27AB5463,A01519,Car
VH00076,KA52AB4420,A01971,Car
VH00077,KA13AB6741,A00652,Truck
VH00078,KA33AB2794,A01979,Car
VH00079,KA66AB2810,A01416,Truck
VH00080,KA58AB9569,A01871,Bike
VH00081,KA35AB7718,A00372,Truck
VH00082,KA21AB1774,A00544,Car
VH00083,KA64AB3310,A00246,Truck
VH00084,KA16AB9767,A01936,Car
VH00085,KA34AB5002,A00296,Truck
VH00086,KA55AB4937,A01019,Truck
VH00087,KA75AB4004,A01660,Car
VH00088,KA88AB4411,A01443,Bike
VH00089,KA35AB2757,A01087,Bike
VH00090,KA85AB6088,A01501,Car
VH00091,KA48AB6625,A01974,Bike
VH00092,KA15AB9798,A00898,Car
VH00093,KA71AB4303,A01583,Bike
VH00094,KA73AB9777,A00993,Truck
VH00095,KA49AB6836,A00427,Bike
VH00096,KA91AB8776,A01382,Bike
VH00097,KA17AB8541,A00070,Bike
VH00098,KA12AB2482,A01927,Bike
VH00099,KA84AB4314,A01005,Bike
VH00100,KA28AB8199,A01486,Bike
VH00101,KA06AB8299,A01542,Bike
VH00102,KA52AB1858,A00611,Car
VH00103,KA13AB8667,A01888,Truck
VH00104,KA09AB9015,A01995,Car
VH00105,KA33AB7074,A00955,Car
VH00106,KA88AB9507,A01112,Car
VH00107,KA72AB3333,A00602,Car
VH00108,KA74AB3992,A00636,Truck
VH00109,KA56AB8751,A01863,Car
VH00110,KA12AB5161,A01529,Bike
VH00111,KA90AB4433,A01136,Car
VH00112,KA11AB9111,A00225,Bike
VH00113,KA60AB9522,A01942,Car
VH00114,KA14AB2776,A01709,Bike
VH00115,KA96AB3948,A00715,Car
VH00116,KA10AB3405,A00759,Car
VH00117,KA37AB4458,A00041,Bike
VH00118,KA55AB7707,A01357,Truck
VH00119,KA64AB6801,A01502,Bike
VH00120,KA19AB1405,A01849,Car
VH00121,KA84AB5751,A00183,Car
VH00122,KA59AB3839,A00535,Car
VH00123,KA39AB4377,A00420,Car
VH00124,KA62AB7297,A00018,Bike
VH00125,KA33AB9580,A01730,Truck
VH00126,KA07AB6441,A00298,Car
VH00127,KA91AB9186,A00361,Bike
VH00128,KA16AB1229,A00409,Car
VH00129,KA80AB1502,A01031,Truck
VH00130,KA08AB5676,A01713,Bike
VH00131,KA38AB3607,A00094,Truck
VH00132,KA43AB5147,A01372,Car
VH00133,KA52AB3827,A01835,Car
VH00134,KA50AB8473,A01475,Truck
VH00135,KA72AB2196,A01983,Truck
VH00136,KA60AB9845,A01587,Bike
VH00137,KA37AB3661,A00546,Truck
VH00138,KA96AB6115,A01437,Truck
VH00139,KA48AB8247,A01434,Bike
VH00140,KA92AB1451,A00023,Truck
VH00141,KA21AB2682,A00724,Truck
VH00142,KA62AB2110,A01356,Truck
VH00143,KA19AB6386,A00494,Car
VH00144,KA01AB7099,A01714,Car
VH00145,KA61AB1946,A01536,Truck
VH00146,KA23AB1595,A01710,Bike
VH00147,KA45AB5075,A00734,Bike
VH00148,KA55AB8228,A01828,Bike
VH00149,KA44AB3089,A00379,Truck
VH00150,KA19AB3205,A00190,Car
VH00151,KA24AB1823,A01411,Bike
VH00152,KA77AB4416,A00386,Bike
VH00153,KA16AB2736,A01927,Bike
VH00154,KA84AB8951,A00754,Truck
VH00155,KA61AB7518,A00750,Car
VH00156,KA82AB6157,A01471,Bike
VH00157,KA92AB1541,A00886,Car
VH00158,KA06AB3449,A01827,Bike
VH00159,KA71AB3236,A00589,Bike
VH00160,KA82AB3507,A00478,Car
VH00161,KA84AB8060,A00115,Car
VH00162,KA09AB5600,A00855,Car
VH00163,KA26AB1258,A01474,Car
VH00164,KA77AB5800,A00042,Bike
VH00165,KA79AB8925,A00086,Truck
VH00166,KA49AB2085,A01998,Bike
VH00167,KA07AB1847,A01745,Bike
VH00168,KA39AB7000,A00691,Truck
VH00169,KA13AB5188,A00498,Car
VH00170,KA60AB5514,A00321,Truck
VH00171,KA03AB7061,A00649,Bike
VH00172,KA65AB2183,A01919,Bike
VH00173,KA77AB9275,A00999,Truck
VH00174,KA35AB3375,A01903,Car
VH00175,KA28AB6896,A01485,Bike
VH00176,KA53AB9936,A00328,Bike
VH00177,KA71AB1662,A00369,Truck
VH00178,KA19AB3356,A00707,Car
VH00179,KA37AB1889,A00371,Car
VH00180,KA03AB1595,A01729,Car
VH00181,KA92AB7440,A01771,Truck
VH00182,KA79AB2032,A00997,Bike
VH00183,KA45AB8352,A00668,Car
VH00184,KA79AB9187,A00531,Truck
VH00185,KA86AB1328,A00667,Truck
VH00186,KA87AB2369,A00961,Truck
VH00187,KA69AB9612,A01663,Bike
VH00188,KA39AB1465,A00519,Truck
VH00189,KA97AB4899,A00911,Car
VH00190,KA87AB2846,A01582,Bike
VH00191,KA18AB2191,A00852,Truck
VH00192,KA80AB7606,A00566,Truck
VH00193,KA88AB5458,A00483,Car
VH00194,KA23AB9178,A01364,Car
VH00195,KA69AB1766,A01373,Truck
VH00196,KA76AB7387,A01137,Car
VH00197,KA59AB3058,A00778,Truck
VH00198,KA58AB5924,A01264,Car
VH00199,KA14AB1973,A00078,Car
VH00200,KA74AB6750,A01148,Bike
VH00201,KA93AB8880,A01467,Car
VH00202,KA45AB4353,A00291,Car
VH00203,KA58AB5654,A00361,Truck
VH00204,KA29AB4859,A00823,Bike
VH00205,KA69AB8725,A00056,Car
VH00206,KA30AB5455,A00603,Car
VH00207,KA82AB7263,A01051,Bike
VH00208,KA88AB1461,A00133,Bike
VH00209,KA76AB6486,A01313,Car
VH00210,KA03AB2433,A01755,Bike
VH00211,KA64AB8456,A01678,Truck
VH00212,KA99AB3200,A01904,Truck
VH00213,KA75AB9405,A01106,Bike
VH00214,KA83AB2207,A00774,Truck
VH00215,KA11AB3198,A01664,Truck
VH00216,KA61AB7678,A01465,Bike
VH00217,KA02AB8023,A01215,Car
VH00218,KA82AB2377,A00132,Car
VH00219,KA25AB5654,A00606,Car
VH00220,KA97AB6907,A01968,Bike
VH00221,KA49AB2575,A00756,Truck
VH00222,KA10AB9883,A00373,Truck
VH00223,KA24AB7471,A00981,Bike
VH00224,KA71AB3781,A00165,Bike
VH00225,KA27AB1941,A00344,Bike
VH00226,KA34AB7897,A00009,Car
VH00227,KA37AB2953,A00455,Bike
VH00228,KA52AB8722,A00445,Truck
VH00229,KA41AB2800,A01435,Truck
VH00230,KA61AB8279,A01336,Car
VH00231,KA57AB7885,A00130,Truck
VH00232,KA65AB3052,A01375,Truck
VH00233,KA27AB5160,A00826,Bike
VH00234,KA46AB8057,A00768,Bike
VH00235,KA63AB1365,A00661,Bike
VH00236,KA69AB7171,A01302,Truck
VH00237,KA79AB4283,A00929,Bike
VH00238,KA65AB2600,A01090,Bike
VH00239,KA84AB9274,A01458,Car
VH00240,KA57AB3100,A00243,Truck
VH00241,KA13AB9306,A00193,Bike
VH00242,KA74AB8688,A01449,Truck
VH00243,KA78AB7386,A00608,Bike
VH00244,KA65AB7589,A00968,Car
VH00245,KA81AB5736,A01818,Truck
VH00246,KA62AB4904,A00490,Bike
VH00247,KA87AB2533,A01216,Truck
VH00248,KA35AB9357,A00754,Truck
VH00249,KA14AB4562,A01078,Truck
VH00250,KA49AB8315,A00935,Bike
VH00251,KA98AB4283,A00640,Truck
VH00252,KA89AB5906,A00862,Truck
VH00253,KA54AB4157,A01389,Truck
VH00254,KA67AB9356,A00752,Truck
VH00255,KA13AB6012,A00578,Truck
VH00256,KA38AB7500,A01445,Car
VH00257,KA45AB7515,A00274,Truck
VH00258,KA09AB7104,A01148,Bike
VH00259,KA33AB8730,A00968,Car
VH00260,KA22AB7371,A00732,Bike
VH00261,KA89AB9849,A00485,Car
VH00262,KA16AB5129,A02000,Truck
VH00263,KA42AB8917,A01802,Bike
VH00264,KA38AB9825,A00136,Car
VH00265,KA48AB6046,A00604,Car
VH00266,KA03AB7754,A00450,Truck
VH00267,KA63AB7143,A00565,Bike
VH00268,KA35AB7359,A01138,Truck
VH00269,KA34AB8205,A00553,Car
VH00270,KA55AB9033,A01851,Truck
VH00271,KA47AB8248,A00380,Car
VH00272,KA93AB5118,A00977,Truck
VH00273,KA54AB9436,A01422,Car
VH00274,KA93AB6199,A00989,Car
VH00275,KA15AB4106,A00089,Bike
VH00276,KA27AB6209,A00462,Truck
VH00277,KA28AB9183,A00588,Truck
VH00278,KA57AB4661,A01644,Bike
VH00279,KA17AB2282,A00091,Truck
VH00280,KA65AB9991,A00112,Bike
VH00281,KA54AB9281,A01323,Truck
VH00282,KA33AB4615,A00644,Bike
VH00283,KA69AB7000,A01650,Car
VH00284,KA71AB8354,A00903,Bike
VH00285,KA80AB7504,A00734,Car
VH00286,KA44AB7727,A01257,Car
VH00287,KA89AB9051,A01961,Truck
VH00288,KA52AB8725,A00451,Car
VH00289,KA19AB6491,A00421,Bike
VH00290,KA50AB6271,A01546,Car
VH00291,KA35AB7293,A00130,Truck
VH00292,KA88AB2518,A01585,Truck
VH00293,KA19AB3666,A01697,Bike
VH00294,KA19AB2863,A01207,Truck
VH00295,KA21AB6248,A00642,Truck
VH00296,KA78AB7579,A00435,Car
VH00297,KA88AB3211,A00159,Car
VH00298,KA88AB3478,A00450,Bike
VH00299,KA31AB9843,A01881,Bike
VH00300,KA55AB7359,A01695,Bike
VH00301,KA38AB4805,A01565,Car
VH00302,KA46AB9537,A01910,Truck
VH00303,KA87AB2163,A01646,Bike
VH00304,KA81AB8828,A01743,Car
VH00305,KA44AB2928,A01906,Car
VH00306,KA57AB7696,A00536,Truck
VH00307,KA79AB1015,A00358,Truck
VH00308,KA70AB7210,A01370,Car
VH00309,KA44AB8902,A01725,Bike
VH00310,KA48AB5479,A01531,Truck
VH00311,KA87AB2705,A00940,Truck
VH00312,KA10AB2239,A00609,Bike
VH00313,KA85AB1323,A01792,Car
VH00314,KA32AB2580,A00150,Bike
VH00315,KA39AB6293,A00981,Bike
VH00316,KA82AB8241,A01176,Bike
VH00317,KA34AB3371,A01075,Bike
VH00318,KA19AB1329,A01707,Bike
VH00319,KA31AB6918,A01387,Bike
VH00320,KA64AB5330,A00782,Bike
VH00321,KA92AB8557,A00557,Car
VH00322,KA65AB8102,A00986,Car
VH00323,KA02AB1693,A01744,Car
VH00324,KA62AB1980,A01994,Truck
VH00325,KA20AB1778,A01523,Bike
VH00326,KA73AB5612,A00870,Car
VH00327,KA57AB7010,A01498,Car
VH00328,KA50AB7586,A00308,Bike
VH00329,KA53AB1048,A00821,Bike
VH00330,KA55AB1178,A01931,Bike
VH00331,KA19AB7439,A00112,Truck
VH00332,KA90AB6910,A00315,Bike
VH00333,KA10AB2596,A01786,Car
VH00334,KA02AB7642,A01852,Truck
VH00335,KA47AB2246,A01482,Truck
VH00336,KA97AB1283,A01634,Car
VH00337,KA87AB4966,A00096,Car
VH00338,KA12AB1728,A00658,Truck
VH00339,KA67AB7472,A01243,Car
VH00340,KA96AB2436,A00592,Bike
VH00341,KA96AB5035,A01781,Bike
VH00342,KA51AB7815,A00723,Car
VH00343,KA10AB8800,A00189,Bike
VH00344,KA17AB7303,A00223,Truck
VH00345,KA47AB2885,A00939,Bike
VH00346,KA42AB9910,A00616,Bike
VH00347,KA88AB2311,A01784,Bike
VH00348,KA22AB3119,A01571,Truck
VH00349,KA97AB2702,A01095,Truck
VH00350,KA55AB6644,A01269,Car
VH00351,KA97AB9086,A00064,Car
VH00352,KA47AB4727,A00671,Truck
VH00353,KA74AB9424,A00230,Car
VH00354,KA07AB3133,A01762,Car
VH00355,KA94AB1943,A01045,Bike
VH00356,KA07AB8373,A01537,Bike
VH00357,KA12AB4541,A00771,Bike
VH00358,KA76AB5678,A01615,Truck
VH00359,KA56AB8959,A00504,Bike
VH00360,KA58AB7484,A01118,Car
VH00361,KA09AB4290,A01358,Bike
VH00362,KA50AB2478,A00807,Truck
VH00363,KA32AB4826,A00102,Bike
VH00364,KA94AB7888,A00261,Bike
VH00365,KA62AB3367,A01977,Car
VH00366,KA31AB7440,A00384,Bike
VH00367,KA81AB1938,A01300,Truck
VH00368,KA30AB8090,A01959,Bike
VH00369,KA05AB6643,A00574,Bike
VH00370,KA47AB5474,A01338,Truck
VH00371,KA88AB9180,A01827,Car
VH00372,KA14AB4147,A00182,Bike
VH00373,KA39AB2851,A00353,Bike
VH00374,KA89AB3146,A00495,Car
VH00375,KA33AB2153,A01265,Car
VH00376,KA20AB4128,A00649,Bike
VH00377,KA33AB5986,A01067,Car
VH00378,KA25AB4024,A01545,Car
VH00379,KA06AB1453,A01475,Truck
VH00380,KA16AB3137,A00446,Bike
VH00381,KA32AB4413,A00303,Truck
VH00382,KA27AB6719,A00944,Bike
VH00383,KA70AB4267,A01283,Car
VH00384,KA83AB2859,A01929,Truck
VH00385,KA86AB2568,A00861,Truck
VH00386,KA22AB7774,A01374,Bike
VH00387,KA26AB5850,A00059,Truck
VH00388,KA05AB5602,A00513,Car
VH00389,KA18AB2894,A00019,Bike
VH00390,KA41AB6233,A00269,Car
VH00391,KA87AB1387,A00607,Car
VH00392,KA41AB5278,A00920,Bike
VH00393,KA75AB7891,A01839,Bike
VH00394,KA77AB8958,A00934,Car
VH00395,KA87AB6031,A00274,Bike
VH00396,KA03AB3194,A01304,Bike
VH00397,KA33AB2779,A00883,Bike
VH00398,KA50AB6227,A01890,Truck
VH00399,KA97AB4972,A01298,Bike
VH00400,KA07AB3823,A01823,Car
VH00401,KA87AB4058,A01051,Car
VH00402,KA22AB9590,A00451,Car
VH00403,KA75AB2044,A00886,Truck
VH00404,KA49AB6667,A00006,Bike
VH00405,KA53AB3820,A00562,Truck
VH00406,KA46AB9859,A00386,Bike
VH00407,KA95AB5734,A00208,Truck
VH00408,KA25AB8714,A01748,Truck
VH00409,KA82AB6459,A00323,Bike
VH00410,KA17AB4269,A01468,Bike
VH00411,KA78AB3582,A00383,Truck
VH00412,KA14AB2031,A00660,Bike
VH00413,KA71AB8314,A01206,Car
VH00414,KA44AB2110,A01737,Truck
VH00415,KA83AB4895,A00760,Bike
VH00416,KA49AB9890,A00324,Car
VH00417,KA08AB6616,A00675,Bike
VH00418,KA67AB8839,A00240,Bike
VH00419,KA65AB7463,A01951,Bike
VH00420,KA96AB8892,A00879,Truck
VH00421,KA40AB5951,A01612,Car
VH00422,KA96AB5068,A01523,Truck
VH00423,KA91AB2585,A01654,Truck
VH00424,KA52AB2379,A00153,Truck
VH00425,KA15AB8134,A00323,Truck
VH00426,KA33AB1886,A00757,Bike
VH00427,KA71AB3167,A00434,Truck
VH00428,KA63AB9532,A00340,Bike
VH00429,KA98AB1564,A01132,Bike
VH00430,KA77AB2456,A01935,Truck
VH00431,KA77AB2213,A01152,Bike
VH00432,KA37AB8718,A01051,Car
VH00433,KA68AB2588,A00650,Truck
VH00434,KA54AB9200,A00332,Bike
VH00435,KA46AB7342,A00192,Bike
VH00436,KA70AB4929,A01280,Bike
VH00437,KA76AB8009,A00862,Car
VH00438,KA26AB7691,A01138,Bike
VH00439,KA94AB6090,A01109,Car
VH00440,KA34AB8340,A01008,Car
VH00441,KA52AB6025,A00586,Bike
VH00442,KA63AB4621,A00238,Car
VH00443,KA42AB9283,A01561,Car
VH00444,KA82AB4700,A00216,Car
VH00445,KA18AB4986,A01055,Truck
VH00446,KA83AB6462,A01788,Car
VH00447,KA56AB5446,A00523,Truck
VH00448,KA37AB6843,A00744,Car
VH00449,KA92AB7067,A01394,Truck
VH00450,KA72AB1703,A00513,Bike
VH00451,KA21AB6744,A00090,Car
VH00452,KA48AB3698,A01979,Bike
VH00453,KA35AB5063,A00035,Truck
VH00454,KA47AB6701,A01538,Car
VH00455,KA48AB7609,A00279,Car
VH00456,KA69AB5396,A01525,Bike
VH00457,KA71AB3615,A01812,Truck
VH00458,KA52AB2692,A00642,Bike
VH00459,KA24AB1103,A01379,Truck
VH00460,KA39AB4676,A01454,Bike
VH00461,KA94AB5025,A00521,Truck
VH00462,KA15AB7393,A00253,Bike
VH00463,KA81AB8595,A01563,Truck
VH00464,KA56AB5143,A00637,Truck
VH00465,KA46AB2478,A00155,Truck
VH00466,KA03AB5642,A00102,Car
VH00467,KA52AB9328,A01793,Truck
VH00468,KA94AB9673,A00388,Bike
VH00469,KA15AB2926,A00136,Truck
VH00470,KA19AB8456,A01139,Car
VH00471,KA50AB7283,A01193,Truck
VH00472,KA71AB6298,A01700,Truck
VH00473,KA03AB9744,A01207,Truck
VH00474,KA10AB7013,A01976,Bike
VH00475,KA77AB8789,A00113,Car
VH00476,KA35AB5992,A01993,Car
VH00477,KA65AB8455,A01251,Bike
VH00478,KA45AB7865,A01011,Bike
VH00479,KA28AB8802,A01493,Truck
VH00480,KA98AB5338,A00658,Car
VH00481,KA61AB3094,A01474,Truck
VH00482,KA63AB1730,A01628,Bike
VH00483,KA51AB6286,A01297,Car
VH00484,KA74AB2269,A00189,Car
VH00485,KA43AB1746,A01655,Truck
VH00486,KA89AB3401,A00637,Bike
VH00487,KA21AB6082,A01761,Bike
VH00488,KA56AB2175,A00475,Truck
VH00489,KA77AB4663,A01926,Truck
VH00490,KA15AB9932,A00615,Truck
VH00491,KA67AB8139,A01070,Bike
VH00492,KA28AB9420,A00557,Truck
VH00493,KA58AB8480,A01979,Bike
VH00494,KA41AB9865,A01908,Car
VH00495,KA58AB2214,A00564,Truck
VH00496,KA39AB7440,A01296,Truck
VH00497,KA37AB3867,A00620,Bike
VH00498,KA02AB1195,A00197,Car
VH00499,KA43AB1676,A00593,Truck
VH00500,KA59AB6419,A00378,Car
VH00501,KA10AB7995,A01215,Bike
VH00502,KA22AB1923,A01384,Car
VH00503,KA38AB2225,A01070,Bike
VH00504,KA07AB9159,A01841,Car
VH00505,KA53AB7479,A00780,Bike
VH00506,KA71AB5664,A01867,Bike
VH00507,KA49AB9691,A00016,Truck
VH00508,KA01AB1163,A00217,Bike
VH00509,KA71AB4523,A01094,Car
VH00510,KA77AB1683,A00925,Bike
VH00511,KA58AB5086,A00944,Bike
VH00512,KA09AB3350,A01292,Bike
VH00513,KA63AB9618,A01788,Bike
VH00514,KA10AB9497,A00037,Bike
VH00515,KA59AB7687,A00217,Bike
VH00516,KA13AB1295,A01817,Truck
VH00517,KA50AB9087,A00045,Car
VH00518,KA99AB2898,A00613,Bike
VH00519,KA86AB5385,A01434,Bike
VH00520,KA15AB9896,A00737,Truck
VH00521,KA69AB5898,A01105,Car
VH00522,KA68AB8920,A00679,Truck
VH00523,KA05AB5889,A00057,Bike
VH00524,KA52AB1382,A00189,Truck
VH00525,KA65AB3373,A01767,Truck
VH00526,KA34AB2327,A00796,Truck
VH00527,KA03AB4790,A01561,Car
VH00528,KA73AB1865,A01544,Car
VH00529,KA80AB3174,A01485,Bike
VH00530,KA05AB8675,A01594,Truck
VH00531,KA34AB8082,A01672,Car
VH00532,KA39AB7480,A01023,Bike
VH00533,KA01AB5210,A00307,Truck
VH00534,KA50AB4289,A01725,Bike
VH00535,KA71AB8553,A01492,Bike
VH00536,KA31AB9651,A00311,Truck
VH00537,KA95AB9562,A00751,Bike
VH00538,KA75AB3082,A00868,Bike
VH00539,KA33AB6563,A01693,Bike
VH00540,KA71AB7322,A01843,Truck
VH00541,KA26AB1868,A01217,Bike
VH00542,KA19AB3813,A00104,Bike
VH00543,KA15AB5907,A01390,Bike
VH00544,KA27AB1834,A01303,Truck
VH00545,KA29AB7179,A01113,Bike
VH00546,KA27AB5611,A01134,Truck
VH00547,KA80AB7682,A01913,Bike
VH00548,KA09AB5159,A01574,Bike
VH00549,KA65AB6698,A00302,Truck
VH00550,KA74AB2580,A00824,Truck
VH00551,KA98AB2783,A01301,Truck
VH00552,KA17AB7596,A00138,Bike
VH00553,KA83AB6465,A00584,Truck
VH00554,KA38AB8865,A00975,Bike
VH00555,KA77AB6495,A01711,Bike
VH00556,KA38AB1410,A01507,Car
VH00557,KA68AB8509,A00465,Bike
VH00558,KA34AB2402,A00838,Car
VH00559,KA41AB7804,A01475,Car
VH00560,KA74AB7499,A01465,Car
VH00561,KA89AB8958,A00477,Car
VH00562,KA93AB6772,A01019,Truck
VH00563,KA91AB7003,A00298,Bike
VH00564,KA55AB1920,A01591,Bike
VH00565,KA37AB3218,A01196,Car
VH00566,KA37AB2904,A00078,Car
VH00567,KA48AB7937,A01679,Truck
VH00568,KA25AB2766,A00161,Bike
VH00569,KA78AB5705,A01355,Car
VH00570,KA71AB2804,A00428,Truck
VH00571,KA74AB7027,A01501,Car
VH00572,KA83AB6623,A01577,Bike
VH00573,KA20AB4378,A01295,Bike
VH00574,KA16AB7823,A00582,Bike
VH00575,KA67AB9344,A01160,Car
VH00576,KA82AB2894,A01559,Car
VH00577,KA53AB2399,A01716,Car
VH00578,KA14AB5058,A01734,Truck
VH00579,KA24AB3839,A00330,Car
VH00580,KA39AB5359,A01605,Truck
VH00581,KA50AB4584,A01274,Bike
VH00582,KA60AB7695,A01666,Bike
VH00583,KA63AB5121,A01012,Car
VH00584,KA14AB6289,A01155,Car
VH00585,KA77AB8729,A00501,Truck
VH00586,KA32AB2343,A00026,Bike
VH00587,KA51AB7368,A00381,Bike
VH00588,KA70AB5268,A01205,Truck
VH00589,KA13AB1943,A01804,Truck
VH00590,KA19AB8769,A00526,Car
VH00591,KA50AB2353,A00461,Bike
VH00592,KA99AB4733,A01962,Truck
VH00593,KA66AB5629,A01356,Truck
VH00594,KA79AB6017,A00271,Car
VH00595,KA48AB5841,A01305,Truck
VH00596,KA94AB1107,A01608,Truck
VH00597,KA87AB5678,A00771,Car
VH00598,KA77AB8149,A00123,Bike
VH00599,KA07AB3790,A01391,Bike
VH00600,KA85AB6633,A00625,Truck
VH00601,KA30AB9744,A00591,Truck
VH00602,KA31AB6392,A00705,Car
VH00603,KA36AB1783,A00757,Truck
VH00604,KA29AB7709,A01820,Car
VH00605,KA90AB8970,A00010,Car
VH00606,KA44AB6869,A01683,Bike
VH00607,KA06AB1278,A01395,Bike
VH00608,KA32AB7081,A00577,Truck
VH00609,KA01AB6113,A01054,Bike
VH00610,KA53AB7770,A01772,Car
VH00611,KA57AB8680,A01326,Truck
VH00612,KA56AB3203,A00438,Truck
VH00613,KA96AB8789,A01109,Car
VH00614,KA52AB9118,A01635,Car
VH00615,KA65AB2157,A00279,Bike
VH00616,KA45AB6025,A00013,Bike
VH00617,KA24AB8522,A00812,Truck
VH00618,KA06AB7949,A01804,Truck
VH00619,KA68AB4372,A01768,Car
VH00620,KA42AB1915,A01232,Truck
VH00621,KA97AB8609,A00749,Car
VH00622,KA20AB4842,A01777,Car
VH00623,KA92AB2790,A01801,Bike
VH00624,KA25AB4542,A01364,Bike
VH00625,KA05AB5022,A00463,Car
VH00626,KA21AB7649,A00765,Car
VH00627,KA09AB5677,A00935,Car
VH00628,KA13AB5961,A01648,Bike
VH00629,KA36AB3070,A01042,Truck
VH00630,KA09AB4329,A00861,Truck
VH00631,KA05AB7768,A00253,Bike
VH00632,KA34AB4131,A01435,Car
VH00633,KA08AB5982,A00772,Car
VH00634,KA45AB9257,A00475,Bike
VH00635,KA94AB4603,A00416,Truck
VH00636,KA27AB4217,A01135,Bike
VH00637,KA28AB1579,A00874,Bike
VH00638,KA05AB3328,A00936,Bike
VH00639,KA54AB7915,A01443,Truck
VH00640,KA89AB8124,A01866,Bike
VH00641,KA69AB1653,A00790,Truck
VH00642,KA52AB4500,A00407,Truck
VH00643,KA61AB9109,A00478,Car
VH00644,KA65AB2178,A01538,Bike
VH00645,KA50AB6418,A00749,Truck
VH00646,KA38AB4068,A00272,Car
VH00647,KA03AB9377,A01130,Car
VH00648,KA82AB1167,A00182,Car
VH00649,KA32AB5450,A00806,Truck
VH00650,KA02AB4268,A01901,Bike
VH00651,KA03AB6248,A00460,Car
VH00652,KA20AB9078,A01103,Truck
VH00653,KA68AB1548,A00811,Car
VH00654,KA81AB8127,A01705,Truck
VH00655,KA55AB6285,A01573,Truck
VH00656,KA92AB8152,A00794,Truck
VH00657,KA01AB4478,A00345,Car
VH00658,KA96AB5670,A01580,Car
VH00659,KA89AB7409,A00683,Car
VH00660,KA45AB7322,A01896,Car
VH00661,KA69AB8510,A01561,Truck
VH00662,KA44AB4662,A01414,Car
VH00663,KA12AB4035,A01801,Truck
VH00664,KA94AB1070,A01337,Bike
VH00665,KA41AB2232,A00113,Bike
VH00666,KA86AB6213,A00738,Truck
VH00667,KA22AB9461,A01841,Car
VH00668,KA19AB9425,A00936,Car
VH00669,KA34AB1599,A01707,Truck
VH00670,KA46AB5026,A01554,Truck
VH00671,KA72AB1760,A00006,Truck
VH00672,KA79AB1427,A00162,Bike
VH00673,KA42AB8435,A00345,Car
VH00674,KA76AB1960,A00784,Car
VH00675,KA27AB6198,A00033,Bike
VH00676,KA86AB2125,A00597,Car
VH00677,KA59AB3643,A00552,Bike
VH00678,KA39AB8216,A00036,Car
VH00679,KA23AB9394,A00023,Bike
VH00680,KA52AB6180,A00051,Bike
VH00681,KA59AB4596,A01635,Truck
VH00682,KA48AB7244,A00409,Bike
VH00683,KA53AB8853,A00389,Car
VH00684,KA81AB3001,A01511,Truck
VH00685,KA97AB3076,A01377,Truck
VH00686,KA35AB8038,A00581,Truck
VH00687,KA92AB3966,A01735,Car
VH00688,KA03AB5207,A00378,Car
VH00689,KA71AB7841,A01847,Truck
VH00690,KA16AB3240,A00577,Bike
VH00691,KA42AB2604,A01580,Bike
VH00692,KA58AB7658,A00436,Bike
VH00693,KA71AB4561,A00451,Bike
VH00694,KA06AB3770,A00022,Bike
VH00695,KA87AB3223,A01189,Bike
VH00696,KA36AB8233,A01417,Truck
VH00697,KA91AB7585,A01668,Truck
VH00698,KA57AB5469,A01937,Bike
VH00699,KA35AB5965,A00072,Car
VH00700,KA53AB6124,A01557,Bike
VH00701,KA98AB7461,A00213,Truck
VH00702,KA39AB2127,A00983,Car
VH00703,KA61AB4489,A01409,Bike
VH00704,KA49AB9272,A00853,Truck
VH00705,KA12AB5389,A01794,Bike
VH00706,KA60AB8134,A01433,Car
VH00707,KA43AB9212,A01940,Truck
VH00708,KA28AB5158,A01749,Truck
VH00709,KA03AB5187,A00734,Truck
VH00710,KA45AB9789,A00554,Bike
VH00711,KA76AB7273,A01532,Car
VH00712,KA12AB8527,A01838,Bike
VH00713,KA80AB8850,A01013,Bike
VH00714,KA60AB5952,A00559,Bike
VH00715,KA58AB3747,A01336,Car
VH00716,KA52AB1330,A00312,Car
VH00717,KA23AB9299,A01079,Bike
VH00718,KA76AB2640,A00020,Car
VH00719,KA45AB4285,A01400,Car
VH00720,KA47AB3381,A00611,Bike
VH00721,KA29AB4373,A01116,Bike
VH00722,KA87AB8490,A01447,Truck
VH00723,KA65AB9851,A01119,Truck
VH00724,KA94AB7985,A01650,Bike
VH00725,KA14AB9420,A01824,Bike
VH00726,KA44AB8919,A00972,Truck
VH00727,KA29AB8038,A00755,Bike
VH00728,KA34AB8309,A00833,Car
VH00729,KA13AB8301,A00103,Bike
VH00730,KA36AB8598,A01004,Car
VH00731,KA49AB7615,A00192,Bike
VH00732,KA93AB3436,A00829,Car
VH00733,KA44AB8650,A00392,Car
VH00734,KA79AB2717,A00562,Truck
VH00735,KA40AB3816,A00698,Car
VH00736,KA37AB1830,A01289,Truck
VH00737,KA48AB1534,A00864,Car
VH00738,KA51AB4916,A00463,Car
VH00739,KA68AB9233,A01568,Car
VH00740,KA70AB3443,A00718,Truck
VH00741,KA23AB5714,A01808,Truck
VH00742,KA87AB4738,A00914,Car
VH00743,KA95AB9498,A00244,Car
VH00744,KA49AB8727,A01880,Car
VH00745,KA48AB3671,A00876,Truck
VH00746,KA45AB3258,A01077,Bike
VH00747,KA75AB3828,A00582,Bike
VH00748,KA47AB2931,A00697,Truck
VH00749,KA29AB3036,A00125,Car
VH00750,KA41AB4975,A00386,Bike
VH00751,KA52AB3066,A01796,Bike
VH00752,KA82AB2799,A00119,Bike
VH00753,KA04AB5312,A01474,Bike
VH00754,KA07AB2560,A00821,Car
VH00755,KA23AB8805,A00188,Bike
VH00756,KA98AB4947,A01625,Bike
VH00757,KA90AB2337,A01984,Truck
VH00758,KA46AB8240,A00720,Car
VH00759,KA24AB3943,A00375,Truck
VH00760,KA69AB2052,A00735,Bike
VH00761,KA97AB4617,A01457,Bike
VH00762,KA19AB9512,A00057,Bike
VH00763,KA35AB3918,A00551,Bike
VH00764,KA30AB1527,A01255,Car
VH00765,KA04AB3805,A00271,Bike
VH00766,KA69AB3707,A00322,Bike
VH00767,KA94AB6862,A01233,Bike
VH00768,KA35AB3577,A00877,Bike
VH00769,KA41AB5071,A00725,Car
VH00770,KA69AB3416,A00160,Bike
VH00771,KA61AB4968,A00789,Bike
VH00772,KA80AB8597,A00456,Truck
VH00773,KA05AB4833,A00961,Car
VH00774,KA98AB2401,A01554,Bike
VH00775,KA85AB2787,A00394,Truck
VH00776,KA51AB4405,A01536,Bike
VH00777,KA31AB7946,A01583,Bike
VH00778,KA19AB2662,A00298,Truck
VH00779,KA02AB2349,A00343,Truck
VH00780,KA09AB3530,A00777,Truck
VH00781,KA35AB1994,A01368,Truck
VH00782,KA91AB9855,A00800,Car
VH00783,KA72AB2896,A00188,Bike
VH00784,KA36AB6390,A01057,Bike
VH00785,KA84AB3429,A00854,Car
VH00786,KA72AB5119,A01187,Bike
VH00787,KA40AB8512,A00101,Bike
VH00788,KA94AB8608,A00614,Car
VH00789,KA92AB9277,A01048,Bike
VH00790,KA92AB4336,A01381,Car
VH00791,KA44AB1663,A00144,Truck
VH00792,KA08AB2339,A01942,Truck
VH00793,KA62AB4817,A01985,Bike
VH00794,KA30AB1212,A00921,Bike
VH00795,KA80AB5063,A00073,Bike
VH00796,KA28AB8183,A01358,Truck
VH00797,KA82AB9913,A00625,Bike
VH00798,KA54AB5328,A01434,Bike
VH00799,KA02AB7713,A00237,Car
VH00800,KA96AB2544,A00171,Bike
VH00801,KA89AB3474,A00786,Truck
VH00802,KA59AB6347,A00715,Truck
VH00803,KA33AB7562,A00741,Truck
VH00804,KA68AB6931,A01863,Bike
VH00805,KA57AB8835,A01645,Truck
VH00806,KA58AB2600,A00276,Bike
VH00807,KA44AB4033,A01496,Car
VH00808,KA84AB5574,A01128,Truck
VH00809,KA64AB5959,A01285,Truck
VH00810,KA74AB3804,A00460,Car
VH00811,KA18AB4568,A00732,Truck
VH00812,KA86AB4621,A01682,Truck
VH00813,KA11AB3445,A00412,Car
VH00814,KA09AB3451,A01837,Car
VH00815,KA52AB4653,A00907,Truck
VH00816,KA91AB1453,A00590,Bike
VH00817,KA14AB6314,A01260,Truck
VH00818,KA76AB6968,A00104,Truck
VH00819,KA86AB2035,A00686,Car
VH00820,KA21AB2387,A00931,Truck
VH00821,KA09AB3206,A00808,Truck
VH00822,KA91AB1211,A00665,Truck
VH00823,KA96AB1343,A00689,Bike
VH00824,KA52AB1151,A00175,Bike
VH00825,KA10AB7052,A00884,Truck
VH00826,KA33AB7031,A00787,Car
VH00827,KA88AB9137,A01531,Truck
VH00828,KA01AB6487,A01803,Truck
VH00829,KA90AB3882,A01104,Truck
VH00830,KA75AB5314,A01164,Car
VH00831,KA58AB4528,A00716,Bike
VH00832,KA39AB4295,A01929,Truck
VH00833,KA59AB5279,A00252,Truck
VH00834,KA90AB9578,A01079,Car
VH00835,KA89AB8941,A00382,Car
VH00836,KA84AB7678,A00645,Bike
VH00837,KA52AB6759,A00888,Truck
VH00838,KA77AB9178,A01856,Car
VH00839,KA52AB6800,A01938,Truck
VH00840,KA53AB2870,A01168,Bike
VH00841,KA71AB5115,A00367,Car
VH00842,KA49AB9386,A01518,Bike
VH00843,KA43AB6293,A01018,Bike
VH00844,KA45AB4282,A01877,Bike
VH00845,KA29AB2942,A00104,Truck
VH00846,KA75AB2160,A01069,Bike
VH00847,KA87AB5868,A00762,Truck
VH00848,KA12AB9654,A00976,Truck
VH00849,KA04AB1242,A00286,Bike
VH00850,KA61AB6371,A00952,Car
VH00851,KA27AB5518,A00725,Car
VH00852,KA25AB8288,A01050,Truck
VH00853,KA65AB5489,A00669,Car
VH00854,KA30AB9147,A00022,Bike
VH00855,KA03AB6685,A00524,Truck
VH00856,KA17AB3679,A01677,Car
VH00857,KA20AB3057,A01957,Car
VH00858,KA62AB7333,A00171,Car
VH00859,KA52AB7249,A01177,Truck
VH00860,KA12AB6445,A00154,Bike
VH00861,KA56AB4354,A01932,Car
VH00862,KA07AB2863,A01183,Truck
VH00863,KA79AB6646,A01345,Truck
VH00864,KA02AB1394,A00749,Car
VH00865,KA72AB2224,A01608,Truck
VH00866,KA54AB3889,A01488,Car
VH00867,KA27AB4123,A00314,Car
VH00868,KA22AB3218,A00595,Bike
VH00869,KA07AB1952,A01068,Car
VH00870,KA60AB8508,A01167,Truck
VH00871,KA02AB4031,A00522,Bike
VH00872,KA92AB5837,A01922,Car
VH00873,KA02AB4488,A01775,Bike
VH00874,KA93AB8588,A00084,Bike
VH00875,KA10AB2027,A01204,Car
VH00876,KA76AB7375,A00428,Car
VH00877,KA98AB4345,A01497,Truck
VH00878,KA07AB1278,A00295,Car
VH00879,KA83AB1179,A00612,Bike
VH00880,KA80AB5554,A01239,Bike
VH00881,KA11AB1639,A00284,Bike
VH00882,KA62AB7679,A01639,Bike
VH00883,KA43AB5081,A01650,Car
VH00884,KA47AB5742,A00786,Bike
VH00885,KA67AB2861,A00048,Car
VH00886,KA34AB6793,A00361,Truck
VH00887,KA94AB8206,A01242,Bike
VH00888,KA87AB1493,A01168,Car
VH00889,KA10AB5178,A00516,Truck
VH00890,KA34AB4162,A01897,Car
VH00891,KA49AB2323,A01523,Car
VH00892,KA68AB6033,A00031,Car
VH00893,KA06AB6559,A00706,Bike
VH00894,KA17AB9922,A00039,Bike
VH00895,KA52AB7041,A01722,Bike
VH00896,KA34AB9446,A00852,Car
VH00897,KA84AB6741,A01230,Bike
VH00898,KA86AB2813,A00176,Car
VH00899,KA45AB4822,A00263,Car
VH00900,KA24AB6529,A00691,Car
VH00901,KA23AB9619,A01502,Bike
VH00902,KA89AB1957,A00962,Car
VH00903,KA95AB1552,A00497,Truck
VH00904,KA47AB2055,A01836,Bike
VH00905,KA10AB9320,A01320,Truck
VH00906,KA02AB5809,A01525,Bike
VH00907,KA79AB8067,A00597,Car
VH00908,KA32AB1070,A01508,Bike
VH00909,KA06AB1504,A01329,Car
VH00910,KA36AB7574,A00880,Bike
VH00911,KA95AB4834,A01842,Bike
VH00912,KA92AB2713,A00973,Bike
VH00913,KA58AB4950,A00528,Bike
VH00914,KA95AB5084,A01392,Truck
VH00915,KA41AB5504,A00269,Truck
VH00916,KA53AB5519,A00066,Car
VH00917,KA22AB7987,A01661,Car
VH00918,KA31AB5404,A00456,Bike
VH00919,KA60AB1417,A00941,Truck
VH00920,KA55AB9822,A01910,Truck
VH00921,KA10AB2880,A01784,Truck
VH00922,KA09AB3609,A01119,Car
VH00923,KA85AB4505,A00032,Car
VH00924,KA67AB3851,A01360,Truck
VH00925,KA56AB4820,A00636,Truck
VH00926,KA32AB4759,A01002,Truck
VH00927,KA40AB8004,A01327,Car
VH00928,KA41AB2600,A00559,Truck
VH00929,KA14AB8909,A01895,Car
VH00930,KA86AB4655,A01918,Truck
VH00931,KA78AB6823,A00634,Car
VH00932,KA63AB5558,A01352,Car
VH00933,KA44AB5084,A01403,Bike
VH00934,KA84AB4144,A00269,Car
VH00935,KA06AB9257,A01046,Car
VH00936,KA31AB3637,A01805,Truck
VH00937,KA09AB5928,A00412,Bike
VH00938,KA32AB1893,A01043,Truck
VH00939,KA05AB4884,A01916,Bike
VH00940,KA72AB3549,A00722,Truck
VH00941,KA95AB7986,A01013,Bike
VH00942,KA23AB1624,A01605,Bike
VH00943,KA20AB7801,A01341,Truck
VH00944,KA25AB4399,A00168,Bike
VH00945,KA74AB9583,A00930,Truck
VH00946,KA90AB8757,A00190,Bike
VH00947,KA20AB1991,A01737,Truck
VH00948,KA74AB3993,A00849,Bike
VH00949,KA57AB9187,A00504,Bike
VH00950,KA30AB3522,A00892,Car
VH00951,KA28AB8620,A01044,Truck
VH00952,KA55AB4491,A00792,Truck
VH00953,KA10AB3502,A01072,Truck
VH00954,KA56AB2615,A01237,Truck
VH00955,KA59AB4303,A01664,Bike
VH00956,KA07AB5469,A01065,Truck
VH00957,KA84AB8593,A00454,Truck
VH00958,KA21AB4194,A00108,Truck
VH00959,KA69AB9600,A01692,Bike
VH00960,KA10AB2562,A01769,Bike
VH00961,KA26AB2861,A00919,Truck
VH00962,KA32AB2980,A00874,Truck
VH00963,KA75AB1748,A01254,Bike
VH00964,KA92AB8882,A00094,Car
VH00965,KA50AB3374,A01396,Truck
VH00966,KA74AB3613,A01999,Truck
VH00967,KA55AB5567,A01383,Truck
VH00968,KA27AB5696,A00849,Bike
VH00969,KA69AB6823,A01356,Truck
VH00970,KA91AB9486,A00865,Truck
VH00971,KA38AB3296,A01603,Truck
VH00972,KA17AB9993,A01468,Bike
VH00973,KA89AB6832,A00125,Truck
VH00974,KA79AB3633,A01516,Car
VH00975,KA75AB7232,A00346,Truck
VH00976,KA03AB4724,A00562,Car
VH00977,KA95AB4540,A01435,Car
VH00978,KA74AB8454,A00622,Bike
VH00979,KA09AB4870,A01220,Bike
VH00980,KA94AB8456,A00691,Truck
VH00981,KA32AB6392,A01058,Car
VH00982,KA75AB3991,A01355,Car
VH00983,KA72AB5978,A00056,Bike
VH00984,KA09AB8320,A00008,Truck
VH00985,KA97AB3518,A00033,Bike
VH00986,KA81AB2429,A00250,Car
VH00987,KA84AB4602,A01071,Car
VH00988,KA57AB2585,A00890,Car
VH00989,KA85AB6611,A01333,Car
VH00990,KA22AB6818,A00090,Car
VH00991,KA45AB6537,A00714,Truck
VH00992,KA47AB6414,A00071,Truck
VH00993,KA19AB1819,A00164,Car
VH00994,KA14AB6829,A01029,Bike
VH00995,KA90AB9287,A00381,Truck
VH00996,KA90AB8433,A00090,Car
VH00997,KA48AB3447,A00339,Bike
VH00998,KA55AB3192,A01179,Truck
VH00999,KA06AB8623,A01324,Car
VH01000,KA91AB7995,A00706,Truck
VH01001,KA63AB6366,A00662,Car
VH01002,KA29AB3753,A00141,Bike
VH01003,KA44AB8564,A01181,Car
VH01004,KA24AB6878,A01768,Bike
VH01005,KA49AB9462,A01283,Bike
VH01006,KA95AB4299,A01823,Bike
VH01007,KA75AB8177,A01037,Car
VH01008,KA02AB6060,A01656,Bike
VH01009,KA54AB7866,A01081,Car
VH01010,KA36AB5113,A00687,Truck
VH01011,KA05AB5956,A01371,Truck
VH01012,KA21AB7044,A01607,Bike
VH01013,KA75AB3613,A00144,Car
VH01014,KA55AB4680,A01601,Truck
VH01015,KA14AB3628,A01632,Bike
VH01016,KA61AB1053,A00027,Car
VH01017,KA92AB2142,A01497,Truck
VH01018,KA39AB3548,A01947,Truck
VH01019,KA05AB2678,A00604,Bike
VH01020,KA66AB7569,A01769,Truck
VH01021,KA50AB2452,A00386,Truck
VH01022,KA25AB3043,A00683,Car
VH01023,KA73AB2099,A01233,Bike
VH01024,KA92AB7893,A01037,Car
VH01025,KA11AB9085,A01492,Truck
VH01026,KA77AB6820,A01542,Truck
VH01027,KA98AB5022,A01867,Car
VH01028,KA48AB9791,A00594,Truck
VH01029,KA85AB6195,A01559,Bike
VH01030,KA09AB4714,A00545,Car
VH01031,KA43AB7407,A00148,Truck
VH01032,KA07AB4841,A00800,Truck
VH01033,KA67AB1059,A00508,Truck
VH01034,KA27AB2017,A00030,Bike
VH01035,KA04AB2681,A00612,Car
VH01036,KA67AB3552,A01820,Bike
VH01037,KA64AB2833,A01645,Truck
VH01038,KA97AB3647,A00912,Bike
VH01039,KA76AB7651,A01796,Bike
VH01040,KA42AB4384,A01306,Truck
VH01041,KA69AB5567,A00156,Car
VH01042,KA11AB2733,A01038,Bike
VH01043,KA87AB6273,A01787,Bike
VH01044,KA83AB7974,A00136,Bike
VH01045,KA56AB2736,A01437,Bike
VH01046,KA72AB3884,A00665,Car
VH01047,KA90AB7669,A01150,Truck
VH01048,KA82AB4810,A01986,Bike
VH01049,KA40AB3069,A00452,Truck
VH01050,KA77AB2463,A00811,Truck
VH01051,KA22AB6119,A00039,Truck
VH01052,KA03AB7531,A00763,Truck
VH01053,KA08AB1577,A00347,Truck
VH01054,KA62AB4139,A00180,Bike
VH01055,KA74AB3763,A01128,Car
VH01056,KA50AB7707,A01634,Bike
VH01057,KA97AB8214,A01415,Car
VH01058,KA97AB6116,A00247,Bike
VH01059,KA71AB6879,A01259,Truck
VH01060,KA74AB4795,A01796,Car
VH01061,KA77AB6578,A00121,Car
VH01062,KA91AB6410,A01415,Bike
VH01063,KA21AB8822,A00696,Car
VH01064,KA50AB1911,A01768,Bike
VH01065,KA15AB1443,A01781,Bike
VH01066,KA94AB4712,A01017,Car
VH01067,KA96AB7967,A00272,Truck
VH01068,KA96AB2491,A00745,Bike
VH01069,KA30AB7876,A00822,Car
VH01070,KA44AB3123,A01494,Car
VH01071,KA30AB6891,A01807,Bike
VH01072,KA99AB6623,A00609,Bike
VH01073,KA28AB9431,A01185,Car
VH01074,KA44AB2634,A01675,Truck
VH01075,KA01AB4410,A01460,Car
VH01076,KA72AB1349,A01296,Car
VH01077,KA02AB1664,A00958,Car
VH01078,KA13AB5660,A01456,Car
VH01079,KA18AB1761,A00390,Truck
VH01080,KA43AB1643,A01404,Bike
VH01081,KA96AB7451,A01520,Bike
VH01082,KA03AB3203,A00415,Bike
VH01083,KA12AB9816,A01454,Car
VH01084,KA02AB1307,A00754,Bike
VH01085,KA08AB6748,A01274,Car
VH01086,KA18AB9950,A00634,Bike
VH01087,KA54AB9850,A01873,Truck
VH01088,KA08AB5993,A00748,Bike
VH01089,KA79AB3257,A00018,Bike
VH01090,KA35AB2363,A00517,Bike
VH01091,KA72AB6852,A00429,Car
VH01092,KA79AB7551,A01681,Bike
VH01093,KA86AB8741,A00366,Truck
VH01094,KA12AB9373,A00585,Truck
VH01095,KA40AB9625,A01029,Bike
VH01096,KA91AB2581,A00254,Car
VH01097,KA60AB9728,A01982,Bike
VH01098,KA88AB8297,A00568,Car
VH01099,KA37AB9112,A00733,Truck
VH01100,KA65AB7489,A01614,Bike
VH01101,KA31AB2952,A00178,Truck
VH01102,KA02AB9338,A01011,Bike
VH01103,KA32AB2611,A00505,Truck
VH01104,KA08AB2627,A00083,Bike
VH01105,KA64AB1884,A01682,Car
VH01106,KA95AB2557,A01811,Car
VH01107,KA31AB2394,A01428,Truck
VH01108,KA05AB7620,A00201,Bike
VH01109,KA81AB2614,A01667,Bike
VH01110,KA33AB5331,A00720,Truck
VH01111,KA46AB3395,A00445,Bike
VH01112,KA31AB4868,A01986,Bike
VH01113,KA38AB2283,A01442,Bike
VH01114,KA43AB9428,A00218,Bike
VH01115,KA88AB6528,A01401,Bike
VH01116,KA80AB8353,A01891,Bike
VH01117,KA19AB5814,A01269,Car
VH01118,KA06AB3437,A00548,Truck
VH01119,KA40AB6090,A01748,Bike
VH01120,KA43AB5507,A00776,Car
VH01121,KA19AB6511,A00348,Truck
VH01122,KA13AB2230,A01374,Car
VH01123,KA23AB1773,A01493,Truck
VH01124,KA49AB1299,A01944,Bike
VH01125,KA29AB8535,A00552,Bike
VH01126,KA28AB1105,A01916,Truck
VH01127,KA21AB7409,A00802,Car
VH01128,KA89AB2145,A00387,Truck
VH01129,KA36AB9644,A00650,Bike
VH01130,KA95AB8980,A01399,Car
VH01131,KA38AB7047,A01755,Bike
VH01132,KA53AB6709,A00225,Car
VH01133,KA30AB9838,A00258,Bike
VH01134,KA66AB5009,A01231,Bike
VH01135,KA10AB4759,A00643,Truck
VH01136,KA86AB9870,A01577,Truck
VH01137,KA12AB5126,A00101,Car
VH01138,KA28AB9434,A01403,Car
VH01139,KA72AB6741,A01391,Bike
VH01140,KA28AB8724,A01093,Car
VH01141,KA86AB6010,A00206,Bike
VH01142,KA97AB8166,A01220,Car
VH01143,KA13AB8009,A01498,Truck
VH01144,KA45AB4394,A00768,Car
VH01145,KA34AB1544,A00400,Truck
VH01146,KA26AB7584,A00466,Car
VH01147,KA26AB3761,A00230,Car
VH01148,KA72AB6132,A00996,Truck
VH01149,KA71AB9680,A00788,Car
VH01150,KA08AB7181,A00775,Bike
VH01151,KA30AB9939,A00391,Car
VH01152,KA28AB6103,A01177,Bike
VH01153,KA26AB1856,A01344,Car
VH01154,KA30AB1217,A01662,Bike
VH01155,KA74AB8392,A00498,Bike
VH01156,KA91AB9174,A01851,Car
VH01157,KA49AB4924,A01928,Car
VH01158,KA16AB3357,A01694,Bike
VH01159,KA42AB3441,A00567,Truck
VH01160,KA45AB7785,A01945,Bike
VH01161,KA54AB1502,A00422,Car
VH01162,KA58AB6409,A00359,Car
VH01163,KA96AB7824,A01822,Truck
VH01164,KA03AB3912,A01287,Truck
VH01165,KA41AB9774,A00331,Car
VH01166,KA69AB8140,A01994,Car
VH01167,KA85AB2614,A00330,Truck
VH01168,KA64AB1910,A00870,Bike
VH01169,KA01AB7313,A01795,Car
VH01170,KA88AB3406,A01226,Truck
VH01171,KA66AB2756,A01264,Bike
VH01172,KA01AB6910,A00112,Bike
VH01173,KA45AB7978,A01433,Truck
VH01174,KA57AB3702,A00867,Car
VH01175,KA54AB9967,A01607,Car
VH01176,KA62AB2677,A01985,Car
VH01177,KA23AB9214,A00850,Car
VH01178,KA67AB5191,A01075,Car
VH01179,KA35AB6970,A01792,Bike
VH01180,KA96AB3789,A01354,Bike
VH01181,KA31AB5593,A01808,Bike
VH01182,KA90AB3115,A01408,Bike
VH01183,KA43AB3598,A01829,Bike
VH01184,KA86AB6910,A00885,Car
VH01185,KA06AB3195,A01151,Bike
VH01186,KA92AB3833,A00069,Car
VH01187,KA34AB4434,A00252,Car
VH01188,KA76AB1653,A00734,Truck
VH01189,KA62AB9053,A00832,Car
VH01190,KA61AB1493,A01552,Car
VH01191,KA75AB6724,A01547,Bike
VH01192,KA97AB4087,A01277,Car
VH01193,KA82AB7348,A01985,Bike
VH01194,KA91AB5750,A01932,Truck
VH01195,KA32AB8388,A01030,Car
VH01196,KA88AB1287,A00112,Truck
VH01197,KA82AB8088,A01139,Car
VH01198,KA16AB1500,A00825,Car
VH01199,KA10AB1845,A01226,Truck
VH01200,KA83AB6819,A00832,Truck
VH01201,KA17AB4090,A00752,Truck
VH01202,KA23AB4059,A00303,Bike
VH01203,KA85AB1850,A00291,Car
VH01204,KA58AB6673,A01801,Bike
VH01205,KA15AB4719,A00418,Truck
VH01206,KA89AB1591,A01724,Car
VH01207,KA45AB7786,A00625,Bike
VH01208,KA68AB9945,A01855,Bike
VH01209,KA02AB7952,A00034,Truck
VH01210,KA64AB2522,A01653,Car
VH01211,KA26AB5143,A00058,Car
VH01212,KA58AB3157,A00480,Truck
VH01213,KA39AB6663,A00585,Car
VH01214,KA12AB2364,A01311,Bike
VH01215,KA89AB1406,A00862,Bike
VH01216,KA72AB4270,A00062,Car
VH01217,KA89AB8864,A01963,Truck
VH01218,KA83AB4425,A00521,Bike
VH01219,KA28AB9048,A00568,Car
VH01220,KA37AB4655,A00358,Truck
VH01221,KA54AB3977,A01209,Car
VH01222,KA59AB8385,A00562,Truck
VH01223,KA08AB1945,A01128,Car
VH01224,KA45AB1752,A00065,Truck
VH01225,KA98AB5164,A00293,Car
VH01226,KA68AB5453,A00440,Bike
VH01227,KA80AB2180,A01822,Truck
VH01228,KA94AB3178,A01960,Car
VH01229,KA96AB3895,A00332,Bike
VH01230,KA32AB7482,A01153,Truck
VH01231,KA19AB9902,A00899,Truck
VH01232,KA06AB5670,A01237,Bike
VH01233,KA18AB5531,A00492,Car
VH01234,KA34AB7605,A01593,Bike
VH01235,KA40AB5921,A01192,Car
VH01236,KA50AB7445,A00899,Bike
VH01237,KA61AB3289,A00086,Bike
VH01238,KA92AB6578,A01035,Bike
VH01239,KA83AB2057,A01073,Car
VH01240,KA45AB2383,A00819,Truck
VH01241,KA83AB5816,A00306,Car
VH01242,KA07AB1703,A00349,Car
VH01243,KA71AB6854,A01672,Truck
VH01244,KA55AB4055,A00622,Car
VH01245,KA63AB3437,A01511,Car
VH01246,KA77AB3121,A01462,Truck
VH01247,KA42AB3686,A01706,Bike
VH01248,KA54AB6312,A01690,Truck
VH01249,KA86AB6162,A00734,Bike
VH01250,KA22AB2769,A01354,Car
VH01251,KA86AB8921,A01104,Car
VH01252,KA73AB2680,A00655,Bike
VH01253,KA86AB2224,A01277,Bike
VH01254,KA26AB9441,A00351,Bike
VH01255,KA22AB7033,A00456,Car
VH01256,KA86AB7091,A01617,Bike
VH01257,KA56AB1173,A00271,Bike
VH01258,KA33AB5170,A01074,Truck
VH01259,KA45AB8240,A00887,Truck
VH01260,KA06AB2847,A00300,Car
VH01261,KA81AB2868,A00709,Car
VH01262,KA72AB3949,A00546,Bike
VH01263,KA40AB1619,A01456,Truck
VH01264,KA53AB2980,A01391,Truck
VH01265,KA10AB9468,A00141,Truck
VH01266,KA40AB6408,A00436,Bike
VH01267,KA92AB6752,A01018,Bike
VH01268,KA48AB1338,A01430,Truck
VH01269,KA31AB2760,A00097,Truck
VH01270,KA38AB8906,A01562,Truck
VH01271,KA37AB4761,A01178,Truck
VH01272,KA97AB2298,A01686,Truck
VH01273,KA69AB2321,A01768,Bike
VH01274,KA81AB7806,A00238,Car
VH01275,KA83AB3346,A01822,Car
VH01276,KA12AB7853,A00982,Bike
VH01277,KA27AB3797,A01960,Car
VH01278,KA08AB2420,A00573,Car
VH01279,KA39AB2029,A00126,Truck
VH01280,KA91AB6183,A00602,Truck
VH01281,KA32AB2768,A01281,Car
VH01282,KA78AB7250,A01088,Car
VH01283,KA52AB9518,A00379,Bike
VH01284,KA59AB7530,A00562,Car
VH01285,KA49AB4736,A00450,Bike
VH01286,KA53AB3560,A01726,Truck
VH01287,KA34AB6363,A01043,Truck
VH01288,KA64AB8818,A00036,Truck
VH01289,KA99AB1840,A00299,Car
VH01290,KA69AB9286,A00546,Bike
VH01291,KA17AB5595,A00629,Truck
VH01292,KA85AB9452,A01717,Bike
VH01293,KA36AB6151,A00195,Truck
VH01294,KA75AB7795,A00536,Car
VH01295,KA09AB4769,A00949,Bike
VH01296,KA43AB6808,A00917,Car
VH01297,KA27AB7797,A00635,Bike
VH01298,KA94AB9143,A00128,Car
VH01299,KA17AB2016,A00983,Bike
VH01300,KA61AB3377,A01983,Bike
VH01301,KA86AB5685,A01021,Truck
VH01302,KA74AB6937,A01688,Car
VH01303,KA01AB5031,A01979,Bike
VH01304,KA35AB9582,A01913,Bike
VH01305,KA95AB9280,A00697,Bike
VH01306,KA60AB2147,A00677,Car
VH01307,KA89AB4007,A00123,Bike
VH01308,KA90AB9692,A00488,Bike
VH01309,KA87AB6834,A01037,Bike
VH01310,KA56AB8567,A01897,Bike
VH01311,KA18AB2667,A01014,Bike
VH01312,KA62AB9065,A00931,Bike
VH01313,KA07AB7878,A01915,Bike
VH01314,KA06AB6006,A00066,Truck
VH01315,KA48AB8141,A00919,Car
VH01316,KA63AB7682,A01966,Bike
VH01317,KA11AB2297,A00478,Truck
VH01318,KA11AB3512,A00693,Bike
VH01319,KA67AB1314,A00359,Car
VH01320,KA09AB9601,A00252,Truck
VH01321,KA88AB7994,A00071,Truck
VH01322,KA31AB1363,A00953,Car
VH01323,KA89AB5605,A01735,Truck
VH01324,KA68AB9088,A00693,Bike
VH01325,KA57AB5679,A01747,Car
VH01326,KA90AB2532,A01451,Bike
VH01327,KA64AB5321,A01007,Bike
VH01328,KA35AB1116,A00948,Car
VH01329,KA87AB4605,A01196,Bike
VH01330,KA23AB8978,A00984,Truck
VH01331,KA44AB1583,A01510,Truck
VH01332,KA44AB5499,A00008,Truck
VH01333,KA08AB9230,A00352,Bike
VH01334,KA92AB6029,A00660,Truck
VH01335,KA16AB1992,A01937,Bike
VH01336,KA25AB9140,A00609,Bike
VH01337,KA83AB7586,A00834,Truck
VH01338,KA08AB4756,A00333,Truck
VH01339,KA08AB5054,A00369,Truck
VH01340,KA02AB6794,A00524,Bike
VH01341,KA59AB2044,A01823,Car
VH01342,KA75AB1291,A01274,Car
VH01343,KA57AB7562,A01383,Truck
VH01344,KA45AB4548,A01850,Bike
VH01345,KA92AB5824,A00575,Car
VH01346,KA26AB6849,A01480,Truck
VH01347,KA84AB1849,A00285,Car
VH01348,KA92AB5365,A01584,Bike
VH01349,KA42AB9531,A00993,Bike
VH01350,KA37AB7333,A00596,Car
VH01351,KA02AB7983,A00808,Bike
VH01352,KA97AB7291,A01995,Bike
VH01353,KA23AB7390,A01280,Truck
VH01354,KA76AB6877,A01948,Car
VH01355,KA89AB2049,A01650,Truck
VH01356,KA81AB2525,A01804,Bike
VH01357,KA74AB8977,A01987,Car
VH01358,KA11AB4022,A01146,Car
VH01359,KA61AB1526,A01286,Bike
VH01360,KA15AB1065,A01798,Truck
VH01361,KA11AB8365,A01299,Car
VH01362,KA19AB3267,A01587,Car
VH01363,KA96AB4103,A01345,Bike
VH01364,KA96AB1145,A01228,Truck
VH01365,KA13AB4600,A01563,Car
VH01366,KA36AB8611,A01451,Truck
VH01367,KA99AB6901,A00098,Bike
VH01368,KA07AB6817,A00190,Bike
VH01369,KA29AB7799,A01933,Bike
VH01370,KA54AB4996,A01350,Car
VH01371,KA69AB4536,A01560,Truck
VH01372,KA96AB7875,A00682,Truck
VH01373,KA87AB4636,A01766,Car
VH01374,KA29AB5772,A00924,Truck
VH01375,KA01AB8005,A01859,Truck
VH01376,KA42AB9907,A00184,Bike
VH01377,KA18AB9799,A01571,Car
VH01378,KA85AB1022,A00029,Car
VH01379,KA85AB5816,A01985,Car
VH01380,KA98AB2953,A00117,Bike
VH01381,KA99AB4528,A01014,Car
VH01382,KA69AB8210,A00412,Bike
VH01383,KA20AB9082,A01046,Car
VH01384,KA45AB8508,A01160,Bike
VH01385,KA84AB7956,A00698,Bike
VH01386,KA60AB9017,A00567,Car
VH01387,KA22AB8253,A00218,Car
VH01388,KA97AB8145,A00873,Bike
VH01389,KA70AB8379,A01007,Truck
VH01390,KA49AB6747,A00271,Car
VH01391,KA63AB6292,A01833,Bike
VH01392,KA78AB6576,A01172,Bike
VH01393,KA22AB4512,A00612,Truck
VH01394,KA19AB1058,A00416,Car
VH01395,KA91AB6420,A00126,Car
VH01396,KA49AB1847,A01367,Bike
VH01397,KA34AB7078,A00860,Car
VH01398,KA07AB8031,A01488,Truck
VH01399,KA04AB4059,A00065,Truck
VH01400,KA78AB7020,A00802,Car
VH01401,KA75AB5438,A01636,Truck
VH01402,KA97AB8194,A00257,Truck
VH01403,KA10AB9566,A00123,Truck
VH01404,KA01AB1498,A00859,Bike
VH01405,KA55AB8805,A00671,Truck
VH01406,KA31AB6918,A01799,Truck
VH01407,KA77AB3734,A00157,Truck
VH01408,KA77AB8724,A00046,Truck
VH01409,KA10AB4179,A01191,Car
VH01410,KA96AB6723,A01580,Car
VH01411,KA35AB8723,A01914,Truck
VH01412,KA49AB7185,A01925,Car
VH01413,KA79AB8450,A00599,Car
VH01414,KA46AB5736,A00049,Truck
VH01415,KA77AB8525,A01918,Car
VH01416,KA45AB6377,A00844,Bike
VH01417,KA10AB5065,A00745,Car
VH01418,KA09AB9472,A00364,Car
VH01419,KA65AB7938,A01945,Bike
VH01420,KA89AB2800,A01929,Car
VH01421,KA48AB2396,A01446,Truck
VH01422,KA43AB3136,A00149,Bike
VH01423,KA40AB9047,A00539,Bike
VH01424,KA95AB4472,A00811,Car
VH01425,KA09AB5011,A01281,Bike
VH01426,KA87AB1019,A01529,Car
VH01427,KA95AB8530,A01931,Truck
VH01428,KA72AB2568,A01108,Car
VH01429,KA66AB4949,A00450,Bike
VH01430,KA32AB5278,A01706,Bike
VH01431,KA47AB7677,A00560,Truck
VH01432,KA02AB9308,A00627,Bike
VH01433,KA81AB6433,A01914,Car
VH01434,KA21AB9990,A01294,Car
VH01435,KA44AB9669,A01389,Truck
VH01436,KA16AB1706,A01302,Bike
VH01437,KA78AB7565,A00065,Car
VH01438,KA69AB3196,A01377,Bike
VH01439,KA38AB3865,A00037,Bike
VH01440,KA50AB7612,A00448,Bike
VH01441,KA77AB7310,A00848,Truck
VH01442,KA62AB1245,A00211,Bike
VH01443,KA15AB1994,A01137,Truck
VH01444,KA46AB8582,A01583,Car
VH01445,KA46AB6576,A01892,Car
VH01446,KA15AB9641,A00590,Truck
VH01447,KA06AB4539,A00141,Truck
VH01448,KA66AB2426,A00482,Car
VH01449,KA19AB6477,A00488,Car
VH01450,KA77AB4356,A01530,Car
VH01451,KA37AB5979,A00841,Truck
VH01452,KA92AB7696,A01330,Car
VH01453,KA12AB9299,A01104,Bike
VH01454,KA63AB5324,A00866,Car
VH01455,KA58AB5260,A01279,Bike
VH01456,KA64AB2018,A00139,Car
VH01457,KA29AB1264,A01415,Car
VH01458,KA65AB1780,A01639,Truck
VH01459,KA15AB5635,A00084,Car
VH01460,KA27AB3134,A01510,Truck
VH01461,KA75AB9015,A01351,Car
VH01462,KA88AB3577,A01967,Truck
VH01463,KA97AB9541,A00188,Bike
VH01464,KA68AB2141,A00393,Car
VH01465,KA15AB6714,A00341,Truck
VH01466,KA59AB3153,A01386,Car
VH01467,KA09AB2922,A01468,Truck
VH01468,KA94AB4512,A00935,Car
VH01469,KA12AB6682,A00335,Bike
VH01470,KA52AB7061,A01639,Car
VH01471,KA49AB7882,A01895,Car
VH01472,KA53AB1562,A00454,Car
VH01473,KA26AB5708,A00702,Bike
VH01474,KA67AB2930,A00650,Bike
VH01475,KA15AB5108,A01149,Truck
VH01476,KA65AB9825,A00929,Car
VH01477,KA81AB5806,A00673,Car
VH01478,KA13AB4978,A00611,Bike
VH01479,KA92AB7964,A01480,Car
VH01480,KA02AB3869,A01950,Truck
VH01481,KA88AB4830,A01707,Car
VH01482,KA67AB4677,A00748,Bike
VH01483,KA04AB1181,A01695,Car
VH01484,KA95AB1267,A01046,Bike
VH01485,KA46AB8111,A01168,Bike
VH01486,KA93AB7534,A01772,Car
VH01487,KA64AB2620,A01192,Car
VH01488,KA59AB8718,A01979,Car
VH01489,KA67AB1164,A01523,Truck
VH01490,KA09AB2421,A01178,Bike
VH01491,KA06AB5763,A00682,Bike
VH01492,KA84AB9450,A01393,Car
VH01493,KA71AB4618,A00730,Bike
VH01494,KA26AB9523,A01567,Car
VH01495,KA83AB8787,A01526,Truck
VH01496,KA39AB8777,A01839,Bike
VH01497,KA03AB8984,A01308,Truck
VH01498,KA59AB5853,A01322,Bike
VH01499,KA22AB1831,A01288,Truck
VH01500,KA75AB5408,A00787,Truck
VH01501,KA96AB6221,A00305,Bike
VH01502,KA38AB5506,A01594,Car
VH01503,KA77AB4228,A00082,Truck
VH01504,KA09AB6006,A01260,Truck
VH01505,KA21AB2720,A01338,Truck
VH01506,KA74AB8149,A00590,Car
VH01507,KA78AB4575,A00472,Truck
VH01508,KA06AB4250,A01996,Truck
VH01509,KA52AB2861,A01225,Car
VH01510,KA77AB4941,A00157,Car
VH01511,KA30AB9170,A01784,Truck
VH01512,KA55AB1049,A01168,Car
VH01513,KA88AB2806,A01039,Bike
VH01514,KA13AB7421,A00570,Bike
VH01515,KA57AB3491,A00085,Truck
VH01516,KA52AB2413,A00604,Truck
VH01517,KA94AB7508,A00564,Truck
VH01518,KA94AB1480,A01497,Truck
VH01519,KA14AB9449,A01144,Bike
VH01520,KA80AB8784,A01712,Car
VH01521,KA86AB2702,A00920,Bike
VH01522,KA10AB9731,A01279,Car
VH01523,KA39AB8137,A00208,Car
VH01524,KA79AB3814,A00148,Bike
VH01525,KA19AB5328,A01930,Bike
VH01526,KA05AB3418,A00808,Truck
VH01527,KA33AB6792,A00583,Car
VH01528,KA29AB3860,A00398,Truck
VH01529,KA06AB7215,A01709,Bike
VH01530,KA76AB3372,A01084,Car
VH01531,KA13AB6570,A00566,Bike
VH01532,KA88AB3218,A01474,Truck
VH01533,KA68AB6838,A00398,Bike
VH01534,KA06AB7720,A00133,Truck
VH01535,KA04AB3721,A01352,Car
VH01536,KA17AB9246,A01073,Truck
VH01537,KA80AB4362,A00084,Truck
VH01538,KA38AB8203,A00492,Bike
VH01539,KA58AB3232,A00498,Car
VH01540,KA39AB8701,A01894,Bike
VH01541,KA42AB4259,A00217,Truck
VH01542,KA40AB3423,A00994,Car
VH01543,KA57AB3808,A00125,Truck
VH01544,KA72AB8605,A01467,Bike
VH01545,KA11AB5827,A00950,Bike
VH01546,KA93AB8576,A00746,Bike
VH01547,KA19AB6141,A01182,Car
VH01548,KA67AB7618,A00469,Truck
VH01549,KA67AB7201,A01442,Car
VH01550,KA10AB8181,A01730,Bike
VH01551,KA35AB7729,A00243,Bike
VH01552,KA15AB6284,A01339,Bike
VH01553,KA54AB2209,A00295,Bike
VH01554,KA20AB9288,A01007,Car
VH01555,KA01AB8642,A01844,Bike
VH01556,KA52AB5740,A00918,Truck
VH01557,KA32AB4706,A01663,Bike
VH01558,KA93AB3383,A01099,Truck
VH01559,KA68AB4211,A01570,Bike
VH01560,KA98AB5993,A00301,Bike
VH01561,KA11AB8581,A01860,Bike
VH01562,KA69AB3184,A01454,Car
VH01563,KA96AB3839,A00035,Truck
VH01564,KA40AB4310,A00403,Truck
VH01565,KA69AB5914,A00048,Truck
VH01566,KA13AB4337,A00391,Bike
VH01567,KA09AB2096,A01819,Bike
VH01568,KA26AB4015,A01411,Car
VH01569,KA42AB1193,A00449,Bike
VH01570,KA28AB6473,A01701,Car
VH01571,KA65AB5983,A00358,Bike
VH01572,KA52AB5158,A01088,Truck
VH01573,KA68AB3372,A00404,Truck
VH01574,KA22AB3516,A00670,Truck
VH01575,KA27AB8706,A01690,Truck
VH01576,KA67AB7121,A00762,Car
VH01577,KA95AB7200,A00006,Bike
VH01578,KA79AB5058,A01128,Bike
VH01579,KA19AB8238,A01752,Bike
VH01580,KA83AB2678,A00732,Car
VH01581,KA67AB7006,A01664,Car
VH01582,KA32AB2932,A00885,Bike
VH01583,KA92AB4086,A01931,Bike
VH01584,KA18AB4683,A01653,Truck
VH01585,KA60AB7483,A01864,Bike
VH01586,KA62AB6954,A00403,Bike
VH01587,KA63AB1839,A00889,Car
VH01588,KA39AB5458,A01733,Car
VH01589,KA04AB1695,A00120,Truck
VH01590,KA60AB9348,A00738,Bike
VH01591,KA01AB4097,A00477,Car
VH01592,KA87AB7867,A00534,Bike
VH01593,KA29AB1694,A01841,Car
VH01594,KA14AB8828,A00292,Truck
VH01595,KA93AB4373,A00841,Truck
VH01596,KA24AB7968,A00231,Truck
VH01597,KA27AB3299,A00143,Truck
VH01598,KA31AB3233,A00402,Car
VH01599,KA49AB2544,A00143,Truck
VH01600,KA06AB8851,A01530,Bike
VH01601,KA42AB2486,A01334,Car
VH01602,KA77AB3086,A00573,Car
VH01603,KA47AB7956,A00882,Bike
VH01604,KA76AB9466,A01976,Car
VH01605,KA72AB4526,A00899,Truck
VH01606,KA14AB6652,A01703,Truck
VH01607,KA39AB8817,A01437,Car
VH01608,KA90AB6597,A01476,Car
VH01609,KA50AB2758,A00387,Truck
VH01610,KA03AB8060,A00691,Truck
VH01611,KA85AB3624,A00141,Bike
VH01612,KA71AB5124,A00386,Truck
VH01613,KA18AB1526,A01934,Car
VH01614,KA05AB7678,A00807,Car
VH01615,KA41AB5922,A01481,Truck
VH01616,KA39AB3766,A01590,Truck
VH01617,KA62AB2213,A00860,Bike
VH01618,KA12AB7853,A01432,Truck
VH01619,KA46AB7903,A00402,Truck
VH01620,KA75AB4117,A01113,Truck
VH01621,KA29AB2103,A01765,Truck
VH01622,KA03AB4089,A01561,Car
VH01623,KA66AB9625,A01608,Bike
VH01624,KA98AB2064,A01964,Car
VH01625,KA34AB1008,A01465,Truck
VH01626,KA81AB4461,A00855,Bike
VH01627,KA13AB9141,A00007,Car
VH01628,KA80AB7434,A00256,Truck
VH01629,KA22AB6304,A01480,Truck
VH01630,KA76AB8152,A00874,Truck
VH01631,KA36AB1494,A01390,Car
VH01632,KA71AB8578,A01371,Truck
VH01633,KA78AB7640,A01087,Bike
VH01634,KA56AB2739,A00230,Bike
VH01635,KA88AB3186,A01452,Bike
VH01636,KA08AB5810,A01739,Bike
VH01637,KA62AB7481,A01698,Bike
VH01638,KA81AB7292,A01086,Car
VH01639,KA47AB7198,A01533,Bike
VH01640,KA20AB6950,A01519,Truck
VH01641,KA72AB8604,A01352,Car
VH01642,KA38AB4992,A00593,Truck
VH01643,KA73AB6323,A01099,Bike
VH01644,KA22AB8381,A01752,Bike
VH01645,KA41AB6255,A01037,Truck
VH01646,KA21AB6441,A00372,Bike
VH01647,KA98AB6157,A00524,Car
VH01648,KA49AB5504,A00611,Car
VH01649,KA06AB8374,A01635,Bike
VH01650,KA13AB1892,A01602,Bike
VH01651,KA79AB8961,A01945,Car
VH01652,KA37AB3553,A01170,Car
VH01653,KA88AB5520,A00403,Truck
VH01654,KA11AB5107,A01277,Car
VH01655,KA92AB8323,A00142,Truck
VH01656,KA03AB1695,A00671,Truck
VH01657,KA85AB4810,A01123,Bike
VH01658,KA63AB9106,A00262,Bike
VH01659,KA52AB2958,A01873,Bike
VH01660,KA32AB6279,A01231,Bike
VH01661,KA18AB6471,A00554,Bike
VH01662,KA92AB7896,A00217,Bike
VH01663,KA26AB8870,A01063,Bike
VH01664,KA24AB7104,A00481,Bike
VH01665,KA11AB7391,A00530,Truck
VH01666,KA88AB4039,A01488,Bike
VH01667,KA24AB2615,A00996,Truck
VH01668,KA50AB1732,A01577,Truck
VH01669,KA69AB6125,A00597,Car
VH01670,KA43AB2515,A00614,Bike
VH01671,KA98AB1068,A01608,Truck
VH01672,KA86AB2810,A00499,Bike
VH01673,KA19AB4222,A00637,Bike
VH01674,KA13AB2231,A00074,Truck
VH01675,KA41AB1629,A01261,Truck
VH01676,KA50AB2399,A01467,Car
VH01677,KA87AB5131,A01357,Bike
VH01678,KA29AB1391,A00063,Car
VH01679,KA14AB4820,A01840,Bike
VH01680,KA18AB2222,A00235,Car
VH01681,KA42AB6400,A01294,Car
VH01682,KA69AB1273,A01614,Bike
VH01683,KA63AB1698,A00205,Bike
VH01684,KA57AB2343,A01773,Car
VH01685,KA39AB8671,A01069,Car
VH01686,KA25AB4859,A00566,Bike
VH01687,KA66AB4957,A00372,Bike
VH01688,KA11AB9114,A01525,Truck
VH01689,KA41AB6630,A00464,Truck
VH01690,KA24AB6515,A00656,Bike
VH01691,KA90AB3561,A00886,Car
VH01692,KA24AB6088,A00446,Truck
VH01693,KA65AB3878,A00039,Car
VH01694,KA92AB7447,A00236,Truck
VH01695,KA08AB5556,A00025,Truck
VH01696,KA30AB8734,A00673,Car
VH01697,KA54AB3981,A00371,Truck
VH01698,KA92AB6781,A01995,Truck
VH01699,KA09AB1767,A00377,Car
VH01700,KA95AB3217,A00027,Truck
VH01701,KA81AB6473,A01707,Truck
VH01702,KA92AB6466,A00386,Bike
VH01703,KA88AB5458,A01921,Car
VH01704,KA22AB3257,A01758,Truck
VH01705,KA31AB3856,A01385,Bike
VH01706,KA26AB5671,A00009,Car
VH01707,KA38AB7085,A01502,Car
VH01708,KA18AB6510,A01653,Bike
VH01709,KA98AB3032,A00103,Car
VH01710,KA96AB2132,A01081,Car
VH01711,KA87AB4580,A00884,Car
VH01712,KA88AB7935,A01136,Bike
VH01713,KA16AB7578,A01091,Bike
VH01714,KA67AB6141,A01504,Bike
VH01715,KA46AB4808,A00933,Car
VH01716,KA95AB9270,A00047,Truck
VH01717,KA80AB5771,A00601,Car
VH01718,KA87AB2931,A00684,Bike
VH01719,KA35AB6098,A00914,Truck
VH01720,KA32AB1020,A01825,Bike
VH01721,KA33AB9234,A00991,Car
VH01722,KA41AB3341,A01520,Truck
VH01723,KA61AB7586,A00623,Truck
VH01724,KA30AB5520,A01344,Bike
VH01725,KA96AB3434,A01435,Truck
VH01726,KA69AB3846,A00354,Bike
VH01727,KA14AB6134,A01113,Car
VH01728,KA89AB7550,A00351,Bike
VH01729,KA08AB3568,A01039,Bike
VH01730,KA62AB8935,A00740,Bike
VH01731,KA70AB9376,A00713,Bike
VH01732,KA50AB8136,A00171,Truck
VH01733,KA01AB6065,A01695,Truck
VH01734,KA68AB6284,A01655,Car
VH01735,KA81AB3992,A00550,Bike
VH01736,KA04AB6056,A00411,Car
VH01737,KA12AB9541,A01519,Car
VH01738,KA13AB7509,A00209,Bike
VH01739,KA76AB4269,A01371,Truck
VH01740,KA53AB2768,A01557,Bike
VH01741,KA55AB4418,A01369,Car
VH01742,KA53AB4011,A01938,Truck
VH01743,KA88AB8879,A01084,Truck
VH01744,KA73AB1520,A00816,Truck
VH01745,KA72AB3953,A01573,Car
VH01746,KA82AB7908,A00042,Truck
VH01747,KA65AB1152,A00066,Car
VH01748,KA06AB7896,A01836,Truck
VH01749,KA67AB4829,A01427,Truck
VH01750,KA55AB5759,A01173,Car
VH01751,KA06AB7470,A00198,Car
VH01752,KA98AB4538,A00632,Truck
VH01753,KA97AB6073,A00269,Bike
VH01754,KA45AB2952,A01885,Truck
VH01755,KA85AB6303,A01818,Truck
VH01756,KA22AB8316,A00993,Car
VH01757,KA55AB7149,A01167,Car
VH01758,KA28AB2230,A00307,Car
VH01759,KA77AB5646,A01077,Truck
VH01760,KA19AB5332,A01516,Truck
VH01761,KA55AB7321,A01035,Bike
VH01762,KA45AB4628,A00510,Truck
VH01763,KA01AB3542,A00330,Truck
VH01764,KA88AB7742,A00842,Car
VH01765,KA66AB3616,A01790,Bike
VH01766,KA67AB3705,A00025,Bike
VH01767,KA04AB8477,A01652,Bike
VH01768,KA99AB1490,A00905,Bike
VH01769,KA10AB3161,A00629,Car
VH01770,KA86AB1366,A00736,Car
VH01771,KA06AB5458,A01161,Bike
VH01772,KA09AB7867,A00350,Truck
VH01773,KA02AB3058,A00777,Car
VH01774,KA93AB6637,A00628,Truck
VH01775,KA01AB8463,A01651,Bike
VH01776,KA71AB5804,A00744,Car
VH01777,KA29AB9738,A00135,Car
VH01778,KA61AB6260,A00200,Bike
VH01779,KA15AB1445,A01612,Truck
VH01780,KA48AB2183,A01992,Truck
VH01781,KA29AB6764,A00784,Truck
VH01782,KA43AB4919,A00672,Bike
VH01783,KA89AB2425,A00457,Truck
VH01784,KA19AB1724,A00142,Truck
VH01785,KA63AB1368,A00640,Truck
VH01786,KA27AB9554,A00048,Car
VH01787,KA24AB1161,A00293,Truck
VH01788,KA21AB1221,A00633,Truck
VH01789,KA51AB4844,A00620,Car
VH01790,KA54AB6490,A01135,Bike
VH01791,KA05AB9310,A01870,Truck
VH01792,KA93AB5926,A00461,Bike
VH01793,KA56AB2200,A01883,Truck
VH01794,KA96AB6199,A01277,Truck
VH01795,KA02AB3312,A00615,Car
VH01796,KA04AB1884,A00161,Truck
VH01797,KA14AB8838,A01240,Truck
VH01798,KA31AB9038,A00193,Truck
VH01799,KA46AB8897,A01481,Car
VH01800,KA22AB4254,A01273,Bike
VH01801,KA26AB7939,A00785,Car
VH01802,KA14AB2688,A01608,Bike
VH01803,KA45AB1692,A00622,Bike
VH01804,KA98AB4435,A01632,Car
VH01805,KA68AB4929,A01593,Truck
VH01806,KA33AB8659,A01983,Bike
VH01807,KA28AB1287,A00938,Truck
VH01808,KA28AB5254,A00102,Bike
VH01809,KA25AB5243,A01935,Truck
VH01810,KA57AB4754,A00235,Car
VH01811,KA91AB1837,A01420,Truck
VH01812,KA54AB3685,A00496,Truck
VH01813,KA94AB2932,A01502,Truck
VH01814,KA57AB2862,A01774,Truck
VH01815,KA50AB6103,A01508,Bike
VH01816,KA56AB7316,A00743,Truck
VH01817,KA40AB7034,A00560,Truck
VH01818,KA11AB9728,A01197,Bike
VH01819,KA91AB9114,A00109,Bike
VH01820,KA20AB5386,A00279,Bike
VH01821,KA05AB9394,A00267,Car
VH01822,KA74AB4961,A01008,Truck
VH01823,KA54AB4048,A00678,Truck
VH01824,KA78AB7725,A00094,Bike
VH01825,KA49AB2161,A01431,Truck
VH01826,KA73AB6302,A00192,Bike
VH01827,KA72AB6617,A00380,Bike
VH01828,KA71AB9451,A01677,Car
VH01829,KA56AB3011,A01175,Bike
VH01830,KA20AB1357,A01411,Truck
VH01831,KA25AB3047,A01818,Bike
VH01832,KA45AB6693,A01580,Car
VH01833,KA75AB2387,A00197,Truck
VH01834,KA61AB2821,A01355,Car
VH01835,KA69AB7895,A01848,Truck
VH01836,KA18AB9157,A01616,Bike
VH01837,KA32AB6993,A01962,Car
VH01838,KA81AB7880,A01710,Truck
VH01839,KA95AB9942,A01747,Bike
VH01840,KA79AB4145,A00825,Bike
VH01841,KA83AB9776,A01694,Car
VH01842,KA27AB7076,A00793,Car
VH01843,KA54AB3118,A00149,Truck
VH01844,KA29AB8016,A00753,Truck
VH01845,KA77AB1714,A00572,Car
VH01846,KA17AB2255,A01495,Bike
VH01847,KA08AB5113,A01734,Truck
VH01848,KA87AB5776,A00012,Truck
VH01849,KA60AB8053,A00184,Car
VH01850,KA90AB5937,A01121,Truck
VH01851,KA24AB2632,A01812,Bike
VH01852,KA27AB4784,A00473,Truck
VH01853,KA56AB5841,A00854,Truck
VH01854,KA35AB1034,A00564,Bike
VH01855,KA78AB5930,A00815,Car
VH01856,KA64AB2347,A00498,Bike
VH01857,KA33AB8557,A00487,Bike
VH01858,KA36AB3498,A01382,Car
VH01859,KA60AB7190,A00460,Car
VH01860,KA92AB5918,A01010,Truck
VH01861,KA89AB7940,A00754,Car
VH01862,KA18AB7875,A01839,Bike
VH01863,KA60AB9940,A00993,Bike
VH01864,KA89AB4055,A00535,Truck
VH01865,KA91AB1339,A01018,Bike
VH01866,KA05AB9512,A01911,Bike
VH01867,KA56AB8110,A00152,Car
VH01868,KA50AB9459,A00824,Bike
VH01869,KA64AB1660,A00888,Car
VH01870,KA57AB5171,A01855,Truck
VH01871,KA76AB7447,A00799,Truck
VH01872,KA40AB1580,A00548,Car
VH01873,KA32AB1823,A01376,Bike
VH01874,KA19AB3665,A01058,Bike
VH01875,KA43AB2080,A01772,Car
VH01876,KA77AB5204,A00616,Car
VH01877,KA76AB2883,A01809,Car
VH01878,KA64AB9898,A00576,Car
VH01879,KA14AB4108,A00021,Truck
VH01880,KA84AB6804,A00971,Bike
VH01881,KA30AB5537,A00263,Car
VH01882,KA10AB8738,A00847,Truck
VH01883,KA44AB1807,A01971,Car
VH01884,KA51AB1199,A00860,Truck
VH01885,KA35AB6091,A01293,Car
VH01886,KA22AB7771,A01396,Car
VH01887,KA74AB3352,A01027,Bike
VH01888,KA68AB1398,A00059,Bike
VH01889,KA86AB4671,A00513,Bike
VH01890,KA35AB2226,A01107,Truck
VH01891,KA10AB7347,A00085,Car
VH01892,KA57AB5435,A01128,Car
VH01893,KA18AB6260,A01104,Bike
VH01894,KA44AB2428,A00946,Car
VH01895,KA38AB9107,A00674,Bike
VH01896,KA06AB8506,A01887,Truck
VH01897,KA43AB4473,A00400,Car
VH01898,KA98AB2369,A00068,Car
VH01899,KA37AB4599,A00684,Car
VH01900,KA52AB9711,A01763,Bike
VH01901,KA65AB2481,A00918,Truck
VH01902,KA25AB8128,A01144,Bike
VH01903,KA44AB5250,A01072,Bike
VH01904,KA02AB8942,A00160,Truck
VH01905,KA95AB9732,A00999,Car
VH01906,KA06AB8865,A00846,Bike
VH01907,KA95AB1073,A00428,Bike
VH01908,KA26AB9500,A00328,Truck
VH01909,KA06AB1130,A00262,Car
VH01910,KA26AB9991,A00773,Truck
VH01911,KA59AB3193,A00275,Truck
VH01912,KA41AB1398,A00711,Bike
VH01913,KA51AB9404,A01191,Bike
VH01914,KA15AB2692,A00373,Car
VH01915,KA72AB8274,A01261,Bike
VH01916,KA33AB1702,A01372,Bike
VH01917,KA23AB9408,A01189,Car
VH01918,KA45AB6664,A01832,Bike
VH01919,KA59AB9520,A00158,Bike
VH01920,KA47AB2658,A00005,Car
VH01921,KA68AB4534,A00424,Bike
VH01922,KA10AB6312,A00917,Car
VH01923,KA40AB1564,A01432,Car
VH01924,KA54AB7903,A00356,Car
VH01925,KA47AB9134,A00310,Bike
VH01926,KA60AB1739,A00077,Bike
VH01927,KA99AB1609,A00524,Bike
VH01928,KA45AB6700,A00723,Bike
VH01929,KA85AB5826,A01253,Car
VH01930,KA67AB4579,A01531,Truck
VH01931,KA03AB1402,A00276,Car
VH01932,KA19AB4160,A01012,Car
VH01933,KA91AB7961,A00821,Truck
VH01934,KA09AB2882,A00648,Bike
VH01935,KA79AB2041,A00690,Car
VH01936,KA38AB8725,A01214,Bike
VH01937,KA33AB7785,A01184,Car
VH01938,KA81AB2064,A01063,Truck
VH01939,KA86AB1068,A00184,Car
VH01940,KA55AB8614,A01656,Truck
VH01941,KA58AB6842,A00173,Truck
VH01942,KA12AB5279,A01370,Bike
VH01943,KA41AB5233,A01002,Bike
VH01944,KA58AB7981,A01516,Car
VH01945,KA17AB7033,A01745,Car
VH01946,KA42AB3213,A01907,Car
VH01947,KA01AB1457,A01745,Car
VH01948,KA85AB7866,A00420,Car
VH01949,KA55AB5535,A00943,Truck
VH01950,KA73AB1707,A00396,Truck
VH01951,KA12AB4468,A01903,Truck
VH01952,KA76AB9270,A01849,Truck
VH01953,KA52AB2068,A00644,Car
VH01954,KA68AB6928,A01739,Car
VH01955,KA09AB3383,A00042,Bike
VH01956,KA77AB9443,A00149,Truck
VH01957,KA05AB4341,A00831,Car
VH01958,KA37AB5811,A00171,Car
VH01959,KA17AB7320,A00921,Truck
VH01960,KA67AB7780,A01802,Truck
VH01961,KA72AB2643,A01200,Car
VH01962,KA67AB9709,A01471,Truck
VH01963,KA97AB9152,A00245,Truck
VH01964,KA36AB5560,A01658,Truck
VH01965,KA75AB3695,A01052,Truck
VH01966,KA98AB8974,A00628,Bike
VH01967,KA18AB3073,A01032,Truck
VH01968,KA24AB4108,A01725,Bike
VH01969,KA19AB4205,A00883,Bike
VH01970,KA34AB9737,A00294,Truck
VH01971,KA01AB6513,A00070,Bike
VH01972,KA85AB1939,A01270,Bike
VH01973,KA90AB8022,A01256,Bike
VH01974,KA50AB1762,A00570,Bike
VH01975,KA96AB5535,A01906,Car
VH01976,KA65AB8034,A01238,Bike
VH01977,KA86AB5489,A00296,Bike
VH01978,KA41AB9809,A00503,Bike
VH01979,KA37AB5488,A00743,Bike
VH01980,KA02AB4449,A01777,Car
VH01981,KA95AB5134,A00273,Truck
VH01982,KA53AB7986,A00457,Bike
VH01983,KA88AB1113,A00242,Truck
VH01984,KA47AB9613,A01211,Truck
VH01985,KA60AB7311,A01123,Truck
VH01986,KA62AB1682,A01740,Truck
VH01987,KA62AB3379,A00750,Car
VH01988,KA01AB1096,A00980,Truck
VH01989,KA75AB3197,A01615,Truck
VH01990,KA12AB5299,A00208,Car
VH01991,KA21AB8321,A01379,Truck
VH01992,KA32AB5509,A01682,Bike
VH01993,KA69AB2891,A01241,Bike
VH01994,KA51AB7075,A01146,Car
VH01995,KA41AB6723,A00014,Truck
VH01996,KA53AB8596,A00248,Bike
VH01997,KA93AB8739,A00294,Car
VH01998,KA95AB8424,A01307,Truck
VH01999,KA45AB2789,A01474,Car
VH02000,KA87AB1394,A00032,Truck
VH02001,KA75AB5803,A00939,Car
VH02002,KA45AB4241,A00454,Bike
VH02003,KA20AB1704,A01156,Car
VH02004,KA80AB8393,A00654,Car
VH02005,KA70AB1359,A00187,Truck
VH02006,KA75AB6476,A00513,Truck
VH02007,KA71AB7955,A01334,Truck
VH02008,KA01AB9220,A00105,Bike
VH02009,KA17AB4562,A00189,Bike
VH02010,KA60AB3217,A00270,Truck
VH02011,KA40AB8678,A00137,Bike
VH02012,KA43AB7371,A00605,Bike
VH02013,KA03AB2272,A00077,Truck
VH02014,KA10AB3995,A01807,Truck
VH02015,KA22AB3309,A00799,Bike
VH02016,KA39AB2847,A00949,Car
VH02017,KA55AB2318,A01312,Truck
VH02018,KA31AB2821,A01721,Truck
VH02019,KA47AB6469,A01982,Bike
VH02020,KA51AB1374,A00357,Bike
VH02021,KA14AB7573,A01274,Car
VH02022,KA67AB3814,A00344,Car
VH02023,KA85AB9344,A01732,Truck
VH02024,KA88AB3548,A01657,Bike
VH02025,KA62AB6102,A01265,Bike
VH02026,KA67AB8231,A00314,Truck
VH02027,KA29AB7178,A01193,Car
VH02028,KA58AB7865,A00988,Bike
VH02029,KA62AB5138,A01627,Bike
VH02030,KA02AB8371,A00010,Truck
VH02031,KA35AB8451,A01268,Car
VH02032,KA46AB1049,A00365,Bike
VH02033,KA32AB9868,A00658,Car
VH02034,KA47AB5733,A00924,Car
VH02035,KA98AB1603,A00954,Car
VH02036,KA49AB3870,A00543,Truck
VH02037,KA26AB2665,A01866,Bike
VH02038,KA72AB2892,A00270,Bike
VH02039,KA85AB3237,A00230,Bike
VH02040,KA35AB2294,A01658,Car
VH02041,KA77AB7173,A00310,Bike
VH02042,KA69AB4222,A01183,Bike
VH02043,KA23AB7712,A00061,Car
VH02044,KA77AB5124,A00432,Bike
VH02045,KA87AB5500,A00877,Truck
VH02046,KA95AB3180,A01142,Bike
VH02047,KA69AB2919,A01959,Truck
VH02048,KA52AB4831,A01150,Bike
VH02049,KA52AB6417,A00621,Bike
VH02050,KA33AB4920,A00945,Bike
VH02051,KA44AB9701,A00500,Car
VH02052,KA41AB4939,A00426,Car
VH02053,KA63AB5919,A00710,Truck
VH02054,KA32AB9291,A00342,Truck
VH02055,KA85AB2899,A01778,Bike
VH02056,KA42AB8909,A00313,Car
VH02057,KA78AB2553,A00021,Bike
VH02058,KA84AB1163,A00141,Bike
VH02059,KA48AB8642,A00547,Car
VH02060,KA08AB3968,A01145,Truck
VH02061,KA82AB9518,A01697,Bike
VH02062,KA15AB5708,A01126,Bike
VH02063,KA73AB9241,A00448,Bike
VH02064,KA13AB7815,A00747,Car
VH02065,KA36AB9777,A01309,Car
VH02066,KA17AB6332,A01757,Car
VH02067,KA39AB4731,A01768,Truck
VH02068,KA47AB3284,A01850,Bike
VH02069,KA27AB1755,A00117,Car
VH02070,KA34AB9005,A01737,Bike
VH02071,KA06AB3855,A00912,Truck
VH02072,KA10AB4743,A00622,Car
VH02073,KA96AB4714,A00417,Bike
VH02074,KA28AB2544,A01821,Truck
VH02075,KA45AB2496,A01997,Truck
VH02076,KA91AB4845,A00285,Truck
VH02077,KA09AB3490,A00435,Truck
VH02078,KA81AB4097,A01260,Truck
VH02079,KA47AB4652,A01006,Car
VH02080,KA31AB5463,A01558,Truck
VH02081,KA15AB2489,A00860,Car
VH02082,KA03AB3938,A00319,Bike
VH02083,KA40AB1970,A01312,Car
VH02084,KA85AB4338,A01643,Car
VH02085,KA80AB3167,A00506,Truck
VH02086,KA16AB6675,A00141,Bike
VH02087,KA10AB4252,A01920,Bike
VH02088,KA03AB3888,A00700,Bike
VH02089,KA85AB2187,A00257,Bike
VH02090,KA16AB2412,A00596,Truck
VH02091,KA69AB2066,A01389,Bike
VH02092,KA08AB6566,A00415,Car
VH02093,KA36AB6853,A01172,Car
VH02094,KA62AB8941,A01089,Car
VH02095,KA22AB9155,A00988,Bike
VH02096,KA65AB3595,A01293,Car
VH02097,KA59AB4206,A01678,Truck
VH02098,KA83AB5976,A01471,Truck
VH02099,KA69AB3046,A00015,Car
VH02100,KA81AB6785,A00304,Car
VH02101,KA30AB5617,A01220,Bike
VH02102,KA22AB8201,A01307,Bike
VH02103,KA90AB2329,A01467,Truck
VH02104,KA74AB4749,A00994,Bike
VH02105,KA87AB8029,A01537,Truck
VH02106,KA67AB9998,A01797,Truck
VH02107,KA16AB8383,A01130,Truck
VH02108,KA35AB7718,A01534,Truck
VH02109,KA82AB4872,A01415,Bike
VH02110,KA64AB1921,A00533,Bike
VH02111,KA51AB8284,A00388,Truck
VH02112,KA12AB4367,A01057,Car
VH02113,KA24AB6381,A01756,Bike
VH02114,KA26AB9317,A01278,Bike
VH02115,KA97AB4204,A00619,Truck
VH02116,KA13AB6418,A01410,Bike
VH02117,KA52AB7545,A01118,Truck
VH02118,KA88AB1772,A01068,Bike
VH02119,KA08AB2324,A00983,Bike
VH02120,KA49AB8836,A00060,Car
VH02121,KA29AB9273,A00518,Truck
VH02122,KA06AB1722,A00671,Bike
VH02123,KA37AB9119,A00326,Car
VH02124,KA58AB5078,A00579,Car
VH02125,KA66AB9483,A01625,Car
VH02126,KA21AB5808,A00257,Car
VH02127,KA12AB4802,A01559,Bike
VH02128,KA69AB6156,A00342,Truck
VH02129,KA79AB1680,A01121,Car
VH02130,KA45AB2650,A01995,Truck
VH02131,KA12AB6316,A01255,Bike
VH02132,KA71AB7003,A01607,Bike
VH02133,KA27AB3473,A00011,Car
VH02134,KA22AB8143,A00596,Truck
VH02135,KA44AB8022,A00398,Truck
VH02136,KA19AB5307,A01736,Bike
VH02137,KA28AB6607,A00449,Bike
VH02138,KA29AB3731,A01091,Bike
VH02139,KA75AB8644,A01843,Truck
VH02140,KA05AB6586,A01597,Car
VH02141,KA77AB6998,A01855,Bike
VH02142,KA46AB6675,A00220,Truck
VH02143,KA18AB3701,A00715,Car
VH02144,KA18AB5991,A01443,Bike
VH02145,KA46AB7504,A01890,Bike
VH02146,KA25AB2767,A00490,Bike
VH02147,KA45AB4223,A01347,Truck
VH02148,KA21AB4495,A01805,Car
VH02149,KA41AB5279,A00718,Truck
VH02150,KA04AB4445,A00935,Truck
VH02151,KA89AB8692,A00254,Truck
VH02152,KA88AB8822,A00124,Truck
VH02153,KA40AB1317,A01865,Truck
VH02154,KA81AB9533,A01493,Car
VH02155,KA31AB7733,A01919,Car
VH02156,KA57AB3019,A01303,Truck
VH02157,KA85AB5013,A01484,Truck
VH02158,KA65AB5993,A01548,Truck
VH02159,KA28AB2865,A00860,Truck
VH02160,KA57AB2042,A00278,Truck
VH02161,KA80AB7050,A00675,Car
VH02162,KA63AB2077,A01769,Truck
VH02163,KA05AB7586,A01188,Car
VH02164,KA11AB3099,A01686,Bike
VH02165,KA41AB5045,A01718,Bike
VH02166,KA19AB5461,A01106,Bike
VH02167,KA03AB9476,A01784,Truck
VH02168,KA11AB6135,A00554,Truck
VH02169,KA36AB2361,A01164,Car
VH02170,KA04AB5745,A01435,Bike
VH02171,KA70AB7788,A00645,Bike
VH02172,KA39AB4960,A01813,Bike
VH02173,KA01AB9239,A00265,Car
VH02174,KA52AB5111,A00458,Car
VH02175,KA72AB6345,A01040,Car
VH02176,KA32AB4084,A01676,Truck
VH02177,KA91AB3433,A00876,Bike
VH02178,KA39AB8707,A00969,Bike
VH02179,KA16AB2973,A00512,Truck
VH02180,KA23AB2859,A00712,Bike
VH02181,KA30AB6329,A00604,Bike
VH02182,KA46AB5573,A01660,Truck
VH02183,KA65AB8883,A00828,Car
VH02184,KA12AB9748,A00271,Car
VH02185,KA18AB7897,A00760,Truck
VH02186,KA05AB2891,A00270,Truck
VH02187,KA75AB1235,A01066,Bike
VH02188,KA02AB9491,A01291,Truck
VH02189,KA18AB4831,A01425,Bike
VH02190,KA68AB1829,A01683,Bike
VH02191,KA42AB9319,A00187,Truck
VH02192,KA83AB2536,A00876,Truck
VH02193,KA05AB2624,A00424,Car
VH02194,KA94AB6833,A01040,Car
VH02195,KA02AB8213,A00844,Truck
VH02196,KA93AB7592,A00514,Truck
VH02197,KA25AB8197,A00206,Truck
VH02198,KA02AB2545,A00953,Bike
VH02199,KA72AB3738,A01385,Car
VH02200,KA13AB4286,A00437,Car
VH02201,KA01AB8499,A01369,Truck
VH02202,KA86AB8387,A00811,Truck
VH02203,KA23AB4640,A01248,Bike
VH02204,KA50AB6795,A00411,Bike
VH02205,KA56AB9657,A01962,Car
VH02206,KA68AB6531,A01613,Bike
VH02207,KA55AB8081,A01028,Truck
VH02208,KA94AB1012,A00338,Bike
VH02209,KA08AB2726,A00928,Bike
VH02210,KA38AB2970,A01338,Truck
VH02211,KA83AB4998,A00216,Truck
VH02212,KA41AB6036,A00067,Car
VH02213,KA37AB6671,A01662,Car
VH02214,KA40AB7260,A01325,Bike
VH02215,KA89AB6400,A01356,Bike
VH02216,KA70AB8137,A01722,Truck
VH02217,KA22AB2796,A00067,Truck
VH02218,KA48AB7508,A00946,Truck
VH02219,KA30AB7852,A00808,Truck
VH02220,KA75AB1613,A01748,Bike
VH02221,KA62AB3644,A00423,Car
VH02222,KA83AB6405,A01131,Truck
VH02223,KA17AB3653,A00784,Truck
VH02224,KA08AB2540,A01525,Bike
VH02225,KA55AB5713,A00832,Car
VH02226,KA88AB3295,A01770,Bike
VH02227,KA59AB6496,A01907,Truck
VH02228,KA67AB3755,A00503,Truck
VH02229,KA36AB1660,A00021,Car
VH02230,KA24AB1884,A00767,Truck
VH02231,KA75AB3075,A01648,Bike
VH02232,KA08AB6458,A01741,Truck
VH02233,KA22AB2405,A00179,Car
VH02234,KA72AB8148,A01554,Car
VH02235,KA60AB9242,A01751,Bike
VH02236,KA07AB2415,A01410,Bike
VH02237,KA53AB4272,A01531,Truck
VH02238,KA38AB9064,A00875,Bike
VH02239,KA43AB3629,A01833,Bike
VH02240,KA71AB9383,A01153,Car
VH02241,KA19AB2453,A00294,Truck
VH02242,KA71AB7805,A01805,Bike
VH02243,KA99AB7383,A00143,Truck
VH02244,KA07AB4814,A00413,Car
VH02245,KA14AB6684,A01090,Truck
VH02246,KA13AB9090,A01489,Truck
VH02247,KA52AB2291,A01733,Car
VH02248,KA15AB3648,A01370,Car
VH02249,KA72AB1749,A00302,Car
VH02250,KA93AB8558,A01410,Truck
VH02251,KA47AB3806,A01286,Truck
VH02252,KA16AB7711,A00925,Car
VH02253,KA78AB7639,A01697,Car
VH02254,KA93AB9859,A01661,Bike
VH02255,KA34AB7157,A00181,Car
VH02256,KA06AB3389,A00098,Bike
VH02257,KA54AB5298,A00615,Truck
VH02258,KA87AB1495,A00316,Bike
VH02259,KA90AB1504,A00077,Car
VH02260,KA77AB4752,A01065,Truck
VH02261,KA78AB3369,A00339,Truck
VH02262,KA49AB7836,A01413,Bike
VH02263,KA16AB1034,A01601,Bike
VH02264,KA04AB2573,A00907,Car
VH02265,KA08AB3653,A01355,Bike
VH02266,KA26AB8608,A01710,Car
VH02267,KA75AB2221,A01438,Bike
VH02268,KA81AB5668,A01984,Bike
VH02269,KA85AB3863,A00833,Bike
VH02270,KA74AB3064,A01856,Bike
VH02271,KA74AB6265,A00326,Bike
VH02272,KA92AB5791,A00282,Car
VH02273,KA86AB4761,A00119,Car
VH02274,KA26AB3841,A00813,Car
VH02275,KA59AB7273,A00959,Car
VH02276,KA27AB1573,A00508,Bike
VH02277,KA60AB3247,A00478,Truck
VH02278,KA43AB9492,A01097,Car
VH02279,KA70AB3599,A00242,Bike
VH02280,KA62AB5374,A00065,Car
VH02281,KA39AB1215,A01333,Bike
VH02282,KA41AB8335,A00889,Car
VH02283,KA40AB6691,A01390,Bike
VH02284,KA33AB3193,A00582,Bike
VH02285,KA29AB8852,A01641,Bike
VH02286,KA95AB2754,A00526,Truck
VH02287,KA98AB2793,A01262,Car
VH02288,KA12AB8195,A01188,Car
VH02289,KA56AB5692,A01965,Bike
VH02290,KA11AB7699,A00646,Bike
VH02291,KA62AB6159,A00723,Car
VH02292,KA75AB4784,A00536,Car
VH02293,KA52AB3195,A00041,Truck
VH02294,KA59AB9562,A01024,Car
VH02295,KA75AB4217,A00935,Car
VH02296,KA16AB5701,A01905,Bike
VH02297,KA06AB4680,A00333,Bike
VH02298,KA03AB1938,A01291,Car
VH02299,KA55AB9789,A01006,Truck
VH02300,KA47AB8563,A01316,Bike
VH02301,KA18AB4719,A01758,Truck
VH02302,KA79AB5162,A01561,Truck
VH02303,KA85AB4372,A01970,Truck
VH02304,KA58AB7835,A00462,Car
VH02305,KA87AB2433,A00830,Truck
VH02306,KA09AB7659,A00543,Car
VH02307,KA99AB5815,A01817,Car
VH02308,KA83AB7676,A01725,Bike
VH02309,KA38AB3180,A00536,Truck
VH02310,KA18AB3388,A01180,Car
VH02311,KA35AB2818,A01955,Bike
VH02312,KA85AB7501,A01959,Car
VH02313,KA45AB3208,A01585,Truck
VH02314,KA61AB1433,A00879,Car
VH02315,KA18AB3573,A01080,Truck
VH02316,KA94AB2885,A01606,Car
VH02317,KA82AB5272,A01294,Bike
VH02318,KA09AB1924,A01376,Truck
VH02319,KA10AB7103,A01919,Bike
VH02320,KA76AB7003,A00415,Car
VH02321,KA06AB2259,A00049,Bike
VH02322,KA33AB2844,A01116,Car
VH02323,KA37AB1949,A01944,Car
VH02324,KA46AB1454,A01650,Car
VH02325,KA15AB9502,A01450,Car
VH02326,KA69AB6337,A00238,Car
VH02327,KA78AB9091,A00843,Truck
VH02328,KA39AB2598,A01208,Bike
VH02329,KA92AB8940,A01528,Bike
VH02330,KA29AB5171,A00709,Bike
VH02331,KA47AB8921,A01783,Bike
VH02332,KA31AB7350,A01779,Truck
VH02333,KA76AB3364,A01925,Bike
VH02334,KA67AB8487,A00507,Bike
VH02335,KA11AB8907,A01557,Bike
VH02336,KA82AB5635,A01445,Truck
VH02337,KA58AB7544,A00957,Bike
VH02338,KA54AB5003,A01065,Car
VH02339,KA37AB1676,A00055,Car
VH02340,KA33AB4710,A01267,Car
VH02341,KA18AB5180,A00530,Bike
VH02342,KA64AB4030,A00861,Bike
VH02343,KA72AB5590,A01105,Bike
VH02344,KA66AB4068,A00422,Truck
VH02345,KA64AB7101,A00684,Car
VH02346,KA93AB6995,A01624,Car
VH02347,KA43AB6650,A00287,Bike
VH02348,KA99AB3180,A00245,Bike
VH02349,KA14AB7013,A01851,Bike
VH02350,KA18AB7568,A01439,Car
VH02351,KA05AB3702,A00641,Car
VH02352,KA10AB4254,A01620,Car
VH02353,KA47AB6205,A00474,Bike
VH02354,KA28AB8253,A01354,Car
VH02355,KA38AB7677,A01442,Truck
VH02356,KA74AB6100,A01548,Truck
VH02357,KA59AB3120,A00329,Car
VH02358,KA01AB2265,A01824,Truck
VH02359,KA17AB6899,A00920,Truck
VH02360,KA23AB8431,A01561,Bike
VH02361,KA20AB1566,A00563,Truck
VH02362,KA95AB8603,A01629,Bike
VH02363,KA17AB9321,A01281,Bike
VH02364,KA34AB5930,A01565,Truck
VH02365,KA68AB2936,A00834,Car
VH02366,KA02AB8127,A00695,Car
VH02367,KA17AB3205,A00271,Bike
VH02368,KA22AB9575,A01101,Car
VH02369,KA47AB2230,A01929,Bike
VH02370,KA37AB2552,A01274,Bike
VH02371,KA06AB1586,A00612,Truck
VH02372,KA93AB4289,A00131,Car
VH02373,KA21AB3183,A01462,Bike
VH02374,KA96AB3169,A00133,Bike
VH02375,KA19AB5679,A01703,Bike
VH02376,KA96AB5326,A00435,Car
VH02377,KA05AB3035,A01353,Car
VH02378,KA56AB4974,A01726,Bike
VH02379,KA18AB5898,A01543,Truck
VH02380,KA53AB4902,A01557,Car
VH02381,KA14AB5737,A01541,Truck
VH02382,KA26AB7643,A01871,Bike
VH02383,KA58AB5723,A00310,Truck
VH02384,KA63AB9206,A01078,Bike
VH02385,KA39AB6177,A00891,Bike
VH02386,KA69AB7513,A00883,Bike
VH02387,KA15AB8819,A01252,Truck
VH02388,KA47AB6578,A01632,Bike
VH02389,KA97AB6377,A01966,Bike
VH02390,KA90AB6142,A01870,Truck
VH02391,KA73AB8313,A00370,Truck
VH02392,KA17AB6793,A01790,Car
VH02393,KA83AB3230,A01130,Truck
VH02394,KA58AB8097,A01334,Car
VH02395,KA34AB6077,A01552,Bike
VH02396,KA90AB1524,A01786,Truck
VH02397,KA55AB5836,A00231,Truck
VH02398,KA79AB9440,A00143,Truck
VH02399,KA54AB6388,A00192,Car
VH02400,KA05AB9563,A00902,Bike
VH02401,KA82AB7705,A00011,Truck
VH02402,KA49AB1904,A01336,Bike
VH02403,KA27AB6906,A01036,Truck
VH02404,KA05AB7864,A00618,Bike
VH02405,KA12AB2752,A00085,Truck
VH02406,KA39AB9585,A01250,Car
VH02407,KA49AB2182,A00565,Car
VH02408,KA83AB4563,A00261,Bike
VH02409,KA53AB5863,A00271,Bike
VH02410,KA59AB4907,A00316,Car
VH02411,KA47AB2576,A00777,Truck
VH02412,KA44AB7126,A01100,Truck
VH02413,KA64AB3889,A00299,Bike
VH02414,KA38AB3291,A00582,Car
VH02415,KA20AB6483,A00476,Bike
VH02416,KA90AB9984,A01492,Bike
VH02417,KA19AB6422,A00197,Bike
VH02418,KA54AB2168,A00851,Car
VH02419,KA84AB6802,A01241,Car
VH02420,KA07AB3492,A01638,Truck
VH02421,KA44AB2697,A00594,Car
VH02422,KA79AB9503,A01887,Bike
VH02423,KA24AB4078,A00545,Truck
VH02424,KA41AB1998,A00077,Car
VH02425,KA90AB6493,A01750,Truck
VH02426,KA62AB3974,A01792,Truck
VH02427,KA03AB5171,A01975,Car
VH02428,KA16AB3687,A00474,Bike
VH02429,KA32AB2093,A01504,Truck
VH02430,KA60AB1964,A01384,Car
VH02431,KA51AB5850,A01973,Bike
VH02432,KA09AB7988,A00535,Car
VH02433,KA97AB7343,A00363,Truck
VH02434,KA20AB3660,A01199,Bike
VH02435,KA73AB1852,A00423,Truck
VH02436,KA07AB2853,A01008,Truck
VH02437,KA32AB6008,A01485,Bike
VH02438,KA94AB8270,A01110,Truck
VH02439,KA56AB1836,A00565,Bike
VH02440,KA78AB7495,A00900,Bike
VH02441,KA43AB3957,A00904,Bike
VH02442,KA56AB7761,A00477,Bike
VH02443,KA48AB4318,A00810,Car
VH02444,KA76AB4339,A00109,Bike
VH02445,KA09AB8048,A00740,Bike
VH02446,KA54AB6904,A00712,Truck
VH02447,KA05AB7090,A00939,Truck
VH02448,KA74AB4872,A00309,Truck
VH02449,KA53AB1102,A01163,Car
VH02450,KA14AB8640,A01792,Car
VH02451,KA70AB8820,A00026,Car
VH02452,KA45AB9146,A00058,Truck
VH02453,KA25AB8629,A01427,Bike
VH02454,KA59AB1351,A00187,Truck
VH02455,KA26AB5316,A00192,Car
VH02456,KA63AB9832,A01992,Car
VH02457,KA47AB4622,A00009,Bike
VH02458,KA28AB6589,A01414,Truck
VH02459,KA57AB7757,A01405,Car
VH02460,KA76AB3658,A01288,Car
VH02461,KA30AB7213,A01409,Car
VH02462,KA43AB1627,A00477,Truck
VH02463,KA41AB5638,A01685,Bike
VH02464,KA44AB8572,A01182,Bike
VH02465,KA90AB4547,A00497,Bike
VH02466,KA05AB8255,A00595,Car
VH02467,KA35AB1697,A00723,Bike
VH02468,KA48AB3297,A00876,Truck
VH02469,KA60AB7682,A00621,Car
VH02470,KA51AB6684,A00819,Bike
VH02471,KA28AB1843,A01480,Bike
VH02472,KA68AB5635,A01646,Truck
VH02473,KA83AB3301,A00226,Truck
VH02474,KA41AB9225,A01826,Truck
VH02475,KA09AB4004,A00874,Bike
VH02476,KA02AB1953,A01905,Car
VH02477,KA51AB7338,A00062,Bike
VH02478,KA23AB2816,A00371,Truck
VH02479,KA96AB5980,A01982,Car
VH02480,KA82AB1402,A01811,Truck
VH02481,KA38AB7156,A00653,Bike
VH02482,KA31AB6210,A01842,Truck
VH02483,KA91AB7349,A01211,Truck
VH02484,KA87AB7860,A01856,Truck
VH02485,KA61AB1309,A00145,Car
VH02486,KA26AB4083,A01839,Truck
VH02487,KA40AB1321,A00757,Bike
VH02488,KA10AB5684,A01980,Truck
VH02489,KA37AB3299,A00255,Truck
VH02490,KA58AB5901,A00155,Bike
VH02491,KA05AB1305,A01644,Bike
VH02492,KA35AB3602,A00462,Truck
VH02493,KA61AB5902,A01518,Truck
VH02494,KA35AB6596,A01826,Truck
VH02495,KA31AB3390,A00701,Truck
VH02496,KA19AB7948,A01639,Bike
VH02497,KA49AB7362,A01420,Truck
VH02498,KA80AB3439,A01450,Bike
VH02499,KA53AB9685,A01249,Car
VH02500,KA29AB5423,A01721,Car
